ClienteID,Regione,Segmento
1,Isole,Consumer
2,Nord,VIP
3,Sud,VIP
4,Centro,Business
5,Sud,Consumer
6,Centro,VIP
7,Nord,Business
8,Isole,VIP
9,Isole,Business
10,Isole,Consumer
11,Centro,VIP
12,Isole,VIP
13,Isole,Business
14,Isole,VIP
15,Centro,VIP
16,Sud,Consumer
17,Nord,Consumer
18,Centro,Consumer
19,Sud,Business
20,Isole,VIP
21,Centro,VIP
22,Nord,VIP
23,Centro,Consumer
24,Nord,VIP
25,Nord,Consumer
26,Nord,Business
27,Nord,VIP
28,Nord,Business
29,Centro,Consumer
30,Sud,Business
31,Isole,VIP
32,Sud,VIP
33,Centro,VIP
34,Sud,VIP
35,Isole,Consumer
36,Centro,VIP
37,Nord,Business
38,Centro,Business
39,Isole,VIP
40,Isole,VIP
41,Nord,Business
42,Centro,Business
43,Centro,VIP
44,Centro,VIP
45,Centro,VIP
46,Nord,VIP
47,Isole,Consumer
48,Isole,VIP
49,Sud,Business
50,Isole,Business
51,Centro,Business
52,Isole,VIP
53,Sud,Business
54,Sud,Business
55,Sud,Consumer
56,Centro,Consumer
57,Nord,Business
58,Isole,Business
59,Nord,Consumer
60,Sud,VIP
61,Isole,Consumer
62,Sud,Business
63,Sud,VIP
64,Centro,VIP
65,Sud,Consumer
66,Isole,Consumer
67,Centro,Business
68,Sud,Consumer
69,Sud,Consumer
70,Sud,VIP
71,Centro,Consumer
72,Nord,Consumer
73,Isole,Business
74,Centro,Business
75,Nord,Consumer
76,Nord,Business
77,Nord,Consumer
78,Isole,VIP
79,Nord,Consumer
80,Nord,Business
81,Isole,VIP
82,Isole,Business
83,Sud,Consumer
84,Nord,VIP
85,Centro,Business
86,Isole,Consumer
87,Sud,VIP
88,Isole,VIP
89,Centro,Consumer
90,Nord,Consumer
91,Nord,VIP
92,Sud,Business
93,Nord,VIP
94,Sud,Business
95,Centro,Business
96,Nord,VIP
97,Nord,Business
98,Isole,Business
99,Nord,VIP
100,Sud,Business
101,Nord,Business
102,Isole,Business
103,Nord,Consumer
104,Nord,VIP
105,Isole,Business
106,Nord,Business
107,Nord,Business
108,Sud,VIP
109,Isole,VIP
110,Isole,Business
111,Sud,Consumer
112,Isole,Business
113,Nord,Consumer
114,Centro,VIP
115,Nord,Consumer
116,Centro,Consumer
117,Centro,VIP
118,Sud,Consumer
119,Nord,Business
120,Sud,Business
121,Nord,Consumer
122,Isole,Consumer
123,Nord,Consumer
124,Sud,Business
125,Isole,VIP
126,Isole,VIP
127,Isole,Consumer
128,Nord,Consumer
129,Centro,Consumer
130,Nord,Consumer
131,Isole,Consumer
132,Sud,Consumer
133,Centro,VIP
134,Centro,Business
135,Nord,Business
136,Isole,VIP
137,Sud,Consumer
138,Isole,Business
139,Sud,Business
140,Nord,VIP
141,Nord,Business
142,Isole,Consumer
143,Isole,VIP
144,Nord,Consumer
145,Nord,Business
146,Nord,VIP
147,Centro,VIP
148,Sud,VIP
149,Sud,VIP
150,Isole,VIP
151,Isole,Business
152,Sud,Business
153,Centro,Business
154,Isole,Consumer
155,Centro,Business
156,Sud,Consumer
157,Sud,Business
158,Isole,Consumer
159,Isole,VIP
160,Isole,Consumer
161,Centro,Consumer
162,Nord,Business
163,Nord,VIP
164,Centro,VIP
165,Nord,Business
166,Nord,Consumer
167,Isole,Business
168,Centro,VIP
169,Sud,Business
170,Centro,Business
171,Sud,Consumer
172,Nord,Consumer
173,Centro,Business
174,Nord,Consumer
175,Nord,Business
176,Nord,VIP
177,Isole,Consumer
178,Isole,VIP
179,Isole,Business
180,Nord,Consumer
181,Nord,Business
182,Sud,VIP
183,Nord,VIP
184,Sud,Business
185,Isole,VIP
186,Nord,VIP
187,Isole,VIP
188,Sud,Business
189,Nord,VIP
190,Isole,Consumer
191,Centro,Consumer
192,Sud,Consumer
193,Centro,VIP
194,Nord,Consumer
195,Sud,Business
196,Nord,Business
197,Centro,VIP
198,Sud,Consumer
199,Nord,Consumer
200,Sud,VIP
201,Sud,Business
202,Centro,VIP
203,Sud,VIP
204,Isole,Consumer
205,Sud,Consumer
206,Centro,VIP
207,Nord,Business
208,Sud,Consumer
209,Centro,VIP
210,Centro,Business
211,Centro,Business
212,Isole,Business
213,Centro,VIP
214,Isole,VIP
215,Sud,Consumer
216,Centro,Business
217,Centro,Business
218,Isole,Business
219,Nord,Consumer
220,Sud,Consumer
221,Centro,Business
222,Sud,Consumer
223,Centro,Business
224,Centro,Business
225,Isole,Consumer
226,Isole,VIP
227,Nord,VIP
228,Sud,Consumer
229,Sud,Business
230,Nord,Consumer
231,Sud,Consumer
232,Centro,Consumer
233,Centro,Consumer
234,Sud,Consumer
235,Centro,Business
236,Sud,VIP
237,Nord,Consumer
238,Sud,VIP
239,Centro,Business
240,Isole,Consumer
241,Nord,VIP
242,Nord,Consumer
243,Nord,VIP
244,Centro,VIP
245,Centro,Consumer
246,Sud,VIP
247,Nord,VIP
248,Isole,Business
249,Centro,Business
250,Nord,VIP
251,Centro,VIP
252,Sud,VIP
253,Isole,Business
254,Centro,Business
255,Isole,Business
256,Sud,Business
257,Sud,Consumer
258,Sud,VIP
259,Nord,VIP
260,Centro,Consumer
261,Nord,Business
262,Isole,VIP
263,Isole,Consumer
264,Isole,Business
265,Isole,Business
266,Sud,Business
267,Centro,Consumer
268,Centro,Business
269,Centro,Business
270,Centro,VIP
271,Nord,Business
272,Centro,Consumer
273,Sud,Business
274,Centro,Consumer
275,Nord,VIP
276,Isole,VIP
277,Centro,Business
278,Nord,Business
279,Nord,Consumer
280,Sud,VIP
281,Nord,Consumer
282,Isole,Consumer
283,Centro,Consumer
284,Isole,VIP
285,Sud,VIP
286,Centro,Business
287,Sud,Business
288,Isole,VIP
289,Sud,Business
290,Isole,VIP
291,Isole,VIP
292,Centro,VIP
293,Centro,Consumer
294,Isole,VIP
295,Nord,Business
296,Isole,Business
297,Centro,Business
298,Centro,VIP
299,Centro,VIP
300,Sud,VIP
301,Centro,VIP
302,Sud,Business
303,Nord,Business
304,Nord,Business
305,Isole,Consumer
306,Sud,Business
307,Centro,Consumer
308,Isole,Business
309,Sud,VIP
310,Centro,VIP
311,Nord,VIP
312,Isole,Business
313,Isole,Business
314,Nord,Consumer
315,Centro,Business
316,Isole,Consumer
317,Sud,VIP
318,Sud,Business
319,Centro,VIP
320,Centro,Consumer
321,Centro,Consumer
322,Centro,Consumer
323,Isole,Business
324,Centro,Business
325,Nord,Business
326,Nord,Consumer
327,Centro,VIP
328,Nord,Business
329,Isole,Business
330,Isole,Consumer
331,Nord,Consumer
332,Nord,VIP
333,Nord,Consumer
334,Isole,Business
335,Centro,Consumer
336,Centro,VIP
337,Nord,VIP
338,Sud,Consumer
339,Centro,Business
340,Sud,Business
341,Centro,Consumer
342,Sud,Consumer
343,Centro,Consumer
344,Sud,Consumer
345,Isole,Consumer
346,Sud,Business
347,Centro,Business
348,Isole,VIP
349,Centro,VIP
350,Isole,Business
351,Centro,Consumer
352,Nord,Consumer
353,Isole,Business
354,Isole,VIP
355,Isole,Consumer
356,Isole,Business
357,Nord,Consumer
358,Isole,VIP
359,Sud,Business
360,Isole,Consumer
361,Sud,VIP
362,Sud,VIP
363,Centro,VIP
364,Sud,VIP
365,Centro,VIP
366,Nord,Business
367,Nord,VIP
368,Isole,Business
369,Centro,Consumer
370,Sud,VIP
371,Nord,Business
372,Centro,Business
373,Sud,Business
374,Nord,VIP
375,Isole,VIP
376,Isole,Business
377,Centro,VIP
378,Centro,VIP
379,Sud,Consumer
380,Sud,VIP
381,Sud,Consumer
382,Centro,Business
383,Centro,Business
384,Nord,VIP
385,Nord,Consumer
386,Isole,Consumer
387,Centro,Business
388,Sud,Consumer
389,Centro,Consumer
390,Nord,Business
391,Sud,Business
392,Nord,VIP
393,Sud,Consumer
394,Centro,VIP
395,Sud,Consumer
396,Nord,Business
397,Nord,VIP
398,Centro,VIP
399,Isole,Business
400,Sud,Consumer
401,Nord,Business
402,Isole,VIP
403,Nord,Business
404,Centro,Consumer
405,Centro,Business
406,Centro,Consumer
407,Nord,Consumer
408,Nord,Consumer
409,Sud,Consumer
410,Sud,VIP
411,Sud,VIP
412,Nord,Business
413,Sud,Business
414,Centro,Consumer
415,Isole,Consumer
416,Sud,VIP
417,Isole,VIP
418,Nord,VIP
419,Sud,Consumer
420,Centro,Business
421,Centro,Business
422,Isole,Consumer
423,Sud,Consumer
424,Nord,Business
425,Nord,VIP
426,Nord,VIP
427,Isole,Business
428,Nord,VIP
429,Centro,VIP
430,Isole,VIP
431,Isole,Business
432,Sud,VIP
433,Centro,Consumer
434,Nord,Consumer
435,Sud,Business
436,Isole,VIP
437,Isole,Business
438,Nord,Consumer
439,Isole,VIP
440,Nord,Consumer
441,Isole,VIP
442,Isole,Business
443,Sud,Consumer
444,Sud,Business
445,Nord,VIP
446,Nord,Consumer
447,Isole,Consumer
448,Centro,Business
449,Centro,VIP
450,Nord,Business
451,Isole,Consumer
452,Sud,VIP
453,Isole,Consumer
454,Isole,Consumer
455,Isole,Business
456,Nord,VIP
457,Isole,VIP
458,Nord,Business
459,Nord,Consumer
460,Sud,Consumer
461,Sud,Consumer
462,Nord,Consumer
463,Sud,VIP
464,Nord,Business
465,Isole,Business
466,Nord,Business
467,Nord,Consumer
468,Sud,Consumer
469,Sud,Consumer
470,Centro,Business
471,Sud,Business
472,Sud,VIP
473,Centro,Business
474,Nord,Consumer
475,Sud,VIP
476,Centro,VIP
477,Isole,VIP
478,Isole,Consumer
479,Centro,Business
480,Isole,Consumer
481,Isole,VIP
482,Nord,Business
483,Sud,VIP
484,Centro,Business
485,Sud,Business
486,Centro,VIP
487,Centro,Consumer
488,Isole,VIP
489,Isole,VIP
490,Nord,VIP
491,Isole,Business
492,Nord,Consumer
493,Sud,Consumer
494,Sud,VIP
495,Centro,Business
496,Isole,Business
497,Sud,VIP
498,Centro,Business
499,Centro,VIP
500,Centro,VIP
501,Sud,Consumer
502,Centro,Consumer
503,Isole,Business
504,Isole,Business
505,Nord,VIP
506,Isole,Consumer
507,Centro,VIP
508,Isole,Business
509,Nord,Consumer
510,Sud,Business
511,Centro,VIP
512,Sud,VIP
513,Centro,Business
514,Centro,Business
515,Sud,Business
516,Sud,Consumer
517,Isole,VIP
518,Centro,VIP
519,Nord,VIP
520,Centro,Business
521,Centro,VIP
522,Sud,VIP
523,Nord,VIP
524,Nord,VIP
525,Isole,Consumer
526,Sud,Consumer
527,Sud,Consumer
528,Isole,Business
529,Nord,VIP
530,Sud,VIP
531,Centro,Business
532,Centro,Business
533,Isole,VIP
534,Isole,VIP
535,Sud,VIP
536,Isole,Business
537,Isole,Consumer
538,Centro,VIP
539,Nord,VIP
540,Centro,Consumer
541,Sud,Business
542,Centro,Consumer
543,Sud,Business
544,Isole,Business
545,Isole,Business
546,Nord,VIP
547,Sud,VIP
548,Isole,Consumer
549,Sud,Consumer
550,Nord,Consumer
551,Sud,Business
552,Nord,Consumer
553,Nord,Business
554,Centro,VIP
555,Isole,Business
556,Isole,Consumer
557,Nord,Business
558,Centro,Consumer
559,Isole,VIP
560,Sud,VIP
561,Sud,Business
562,Sud,Consumer
563,Isole,VIP
564,Sud,Business
565,Sud,Consumer
566,Centro,Consumer
567,Sud,VIP
568,Sud,VIP
569,Nord,VIP
570,Isole,VIP
571,Nord,Consumer
572,Isole,Business
573,Isole,VIP
574,Centro,Business
575,Nord,Consumer
576,Centro,Business
577,Isole,VIP
578,Sud,Consumer
579,Isole,Business
580,Sud,Business
581,Isole,Consumer
582,Centro,VIP
583,Nord,VIP
584,Isole,VIP
585,Nord,Business
586,Centro,Consumer
587,Isole,VIP
588,Nord,VIP
589,Sud,VIP
590,Centro,Business
591,Centro,Consumer
592,Isole,Business
593,Isole,Business
594,Isole,Business
595,Centro,Consumer
596,Centro,VIP
597,Nord,Consumer
598,Sud,Consumer
599,Isole,VIP
600,Nord,Consumer
601,Nord,Consumer
602,Sud,Consumer
603,Centro,Consumer
604,Nord,VIP
605,Centro,VIP
606,Isole,Business
607,Sud,Consumer
608,Centro,VIP
609,Sud,VIP
610,Centro,VIP
611,Nord,Business
612,Sud,Consumer
613,Isole,Consumer
614,Sud,Consumer
615,Isole,Business
616,Centro,Business
617,Isole,Consumer
618,Isole,Consumer
619,Sud,Consumer
620,Isole,Business
621,Nord,Business
622,Isole,Business
623,Nord,VIP
624,Centro,Business
625,Nord,VIP
626,Isole,Consumer
627,Centro,Business
628,Isole,Business
629,Nord,VIP
630,Sud,VIP
631,Isole,Consumer
632,Centro,VIP
633,Nord,Business
634,Isole,Consumer
635,Isole,VIP
636,Isole,VIP
637,Nord,Business
638,Centro,Consumer
639,Isole,Consumer
640,Nord,Business
641,Isole,VIP
642,Sud,VIP
643,Isole,Consumer
644,Isole,Business
645,Sud,Business
646,Nord,Consumer
647,Centro,Business
648,Centro,Consumer
649,Nord,VIP
650,Centro,VIP
651,Sud,Consumer
652,Isole,Business
653,Sud,Consumer
654,Sud,VIP
655,Isole,Consumer
656,Sud,Consumer
657,Sud,VIP
658,Nord,Consumer
659,Sud,Business
660,Sud,Business
661,Isole,Business
662,Isole,VIP
663,Isole,Consumer
664,Sud,Consumer
665,Nord,VIP
666,Centro,Consumer
667,Centro,Consumer
668,Nord,Business
669,Centro,VIP
670,Sud,Business
671,Isole,Consumer
672,Centro,Consumer
673,Isole,VIP
674,Isole,Business
675,Sud,Business
676,Centro,VIP
677,Nord,VIP
678,Isole,Consumer
679,Isole,VIP
680,Sud,Business
681,Centro,Consumer
682,Sud,Business
683,Centro,VIP
684,Centro,Consumer
685,Sud,Consumer
686,Sud,VIP
687,Centro,VIP
688,Sud,Consumer
689,Isole,VIP
690,Centro,Consumer
691,Isole,Consumer
692,Nord,Business
693,Centro,VIP
694,Isole,Business
695,Centro,Business
696,Isole,Consumer
697,Nord,VIP
698,Nord,Business
699,Centro,Business
700,Nord,VIP
701,Isole,VIP
702,Centro,VIP
703,Nord,Business
704,Centro,Business
705,Centro,Business
706,Sud,VIP
707,Isole,Business
708,Sud,Consumer
709,Nord,Business
710,Nord,VIP
711,Nord,Business
712,Sud,VIP
713,Sud,VIP
714,Sud,Business
715,Nord,Consumer
716,Isole,Business
717,Isole,VIP
718,Isole,Consumer
719,Centro,VIP
720,Sud,VIP
721,Isole,Business
722,Isole,VIP
723,Sud,Business
724,Sud,VIP
725,Isole,VIP
726,Isole,VIP
727,Centro,VIP
728,Nord,Consumer
729,Centro,Business
730,Centro,Consumer
731,Nord,Business
732,Centro,Consumer
733,Sud,Consumer
734,Centro,VIP
735,Centro,VIP
736,Nord,Consumer
737,Isole,VIP
738,Centro,VIP
739,Nord,Business
740,Centro,Business
741,Nord,Business
742,Sud,Business
743,Centro,Consumer
744,Nord,Business
745,Isole,Consumer
746,Nord,VIP
747,Centro,VIP
748,Nord,Consumer
749,Sud,VIP
750,Sud,Consumer
751,Centro,VIP
752,Nord,VIP
753,Isole,Consumer
754,Isole,Consumer
755,Isole,Consumer
756,Sud,VIP
757,Isole,Business
758,Isole,Business
759,Sud,Consumer
760,Centro,Business
761,Sud,Business
762,Centro,VIP
763,Isole,Business
764,Nord,VIP
765,Isole,Consumer
766,Isole,Business
767,Sud,Business
768,Nord,Business
769,Isole,VIP
770,Nord,Business
771,Nord,Consumer
772,Nord,Business
773,Isole,Consumer
774,Isole,Business
775,Sud,VIP
776,Nord,Business
777,Sud,VIP
778,Centro,Business
779,Isole,Consumer
780,Centro,Consumer
781,Centro,Business
782,Sud,VIP
783,Nord,VIP
784,Sud,Consumer
785,Sud,Consumer
786,Nord,Consumer
787,Nord,VIP
788,Sud,VIP
789,Nord,Business
790,Sud,Consumer
791,Sud,VIP
792,Centro,Business
793,Isole,Business
794,Nord,Business
795,Sud,VIP
796,Isole,Business
797,Nord,Business
798,Centro,VIP
799,Centro,Consumer
800,Isole,Business
801,Isole,Business
802,Nord,Business
803,Sud,Consumer
804,Sud,VIP
805,Sud,VIP
806,Isole,VIP
807,Isole,Consumer
808,Sud,VIP
809,Sud,VIP
810,Centro,VIP
811,Sud,Consumer
812,Nord,Business
813,Nord,Consumer
814,Isole,Business
815,Isole,Business
816,Sud,Business
817,Isole,Business
818,Sud,Business
819,Sud,Consumer
820,Isole,Business
821,Isole,VIP
822,Nord,Business
823,Isole,VIP
824,Isole,Business
825,Centro,VIP
826,Sud,Consumer
827,Centro,Business
828,Sud,VIP
829,Nord,Business
830,Sud,Business
831,Nord,Consumer
832,Nord,Business
833,Centro,Consumer
834,Sud,VIP
835,Sud,Business
836,Nord,Consumer
837,Nord,Business
838,Sud,Consumer
839,Nord,Business
840,Sud,Consumer
841,Sud,Consumer
842,Isole,VIP
843,Isole,VIP
844,Nord,Business
845,Sud,Consumer
846,Isole,Business
847,Sud,Consumer
848,Isole,VIP
849,Sud,Consumer
850,Sud,Business
851,Centro,Consumer
852,Centro,Business
853,Nord,VIP
854,Sud,Business
855,Sud,Consumer
856,Centro,Consumer
857,Sud,Consumer
858,Centro,Consumer
859,Sud,VIP
860,Sud,VIP
861,Centro,Consumer
862,Nord,Business
863,Centro,VIP
864,Nord,Consumer
865,Isole,Consumer
866,Nord,Consumer
867,Nord,Business
868,Sud,Business
869,Nord,Business
870,Nord,VIP
871,Isole,Consumer
872,Centro,Consumer
873,Nord,VIP
874,Isole,Business
875,Sud,Business
876,Sud,Business
877,Isole,Consumer
878,Isole,Consumer
879,Nord,VIP
880,Nord,VIP
881,Isole,Consumer
882,Sud,Business
883,Centro,Consumer
884,Sud,Consumer
885,Sud,Business
886,Nord,Consumer
887,Centro,VIP
888,Nord,Consumer
889,Isole,Business
890,Isole,VIP
891,Sud,Business
892,Centro,VIP
893,Sud,Business
894,Centro,Consumer
895,Isole,VIP
896,Isole,VIP
897,Centro,VIP
898,Sud,Consumer
899,Sud,Consumer
900,Sud,Business
901,Sud,Consumer
902,Nord,Business
903,Isole,VIP
904,Nord,VIP
905,Sud,Business
906,Isole,Business
907,Sud,Business
908,Centro,Consumer
909,Isole,Business
910,Sud,VIP
911,Isole,VIP
912,Sud,VIP
913,Isole,VIP
914,Sud,VIP
915,Centro,Business
916,Sud,Business
917,Nord,VIP
918,Isole,Consumer
919,Centro,Business
920,Centro,VIP
921,Sud,VIP
922,Centro,Business
923,Nord,Business
924,Isole,Business
925,Nord,Consumer
926,Centro,VIP
927,Sud,Consumer
928,Nord,VIP
929,Centro,Business
930,Nord,Consumer
931,Nord,Consumer
932,Nord,Business
933,Centro,Consumer
934,Centro,VIP
935,Isole,VIP
936,Centro,Consumer
937,Nord,Consumer
938,Sud,Consumer
939,Nord,VIP
940,Sud,Consumer
941,Isole,Consumer
942,Sud,Consumer
943,Isole,VIP
944,Sud,Consumer
945,Isole,Consumer
946,Centro,VIP
947,Centro,VIP
948,Isole,Consumer
949,Sud,VIP
950,Nord,VIP
951,Isole,VIP
952,Isole,VIP
953,Isole,Consumer
954,Centro,Business
955,Isole,VIP
956,Isole,Consumer
957,Sud,Consumer
958,Nord,Business
959,Nord,VIP
960,Sud,VIP
961,Isole,Consumer
962,Isole,VIP
963,Sud,Business
964,Isole,Consumer
965,Centro,Business
966,Nord,Business
967,Nord,Consumer
968,Nord,Consumer
969,Isole,VIP
970,Isole,Consumer
971,Sud,VIP
972,Centro,Consumer
973,Isole,VIP
974,Sud,Business
975,Nord,VIP
976,Sud,Business
977,Nord,VIP
978,Centro,VIP
979,Centro,Consumer
980,Nord,Business
981,Isole,Business
982,Centro,Consumer
983,Sud,Consumer
984,Sud,VIP
985,Sud,Consumer
986,Isole,VIP
987,Isole,Business
988,Sud,Consumer
989,Isole,Business
990,Sud,VIP
991,Isole,Consumer
992,Nord,VIP
993,Isole,Consumer
994,Nord,Business
995,Centro,Consumer
996,Nord,Consumer
997,Centro,Business
998,Nord,VIP
999,Sud,Business
1000,Nord,VIP
1001,Isole,Consumer
1002,Centro,Business
1003,Sud,Consumer
1004,Nord,Business
1005,Centro,Consumer
1006,Sud,Business
1007,Sud,Consumer
1008,Sud,Consumer
1009,Nord,VIP
1010,Nord,Consumer
1011,Nord,Consumer
1012,Isole,VIP
1013,Sud,Business
1014,Sud,VIP
1015,Sud,VIP
1016,Isole,VIP
1017,Sud,Consumer
1018,Sud,Consumer
1019,Sud,VIP
1020,Nord,Business
1021,Sud,Business
1022,Isole,Consumer
1023,Centro,VIP
1024,Nord,Consumer
1025,Sud,Business
1026,Nord,Business
1027,Nord,VIP
1028,Centro,Business
1029,Centro,Business
1030,Nord,VIP
1031,Isole,VIP
1032,Centro,Business
1033,Isole,Business
1034,Isole,Consumer
1035,Nord,Business
1036,Isole,Business
1037,Nord,Consumer
1038,Nord,Consumer
1039,Isole,VIP
1040,Nord,Consumer
1041,Nord,VIP
1042,Sud,VIP
1043,Centro,VIP
1044,Centro,VIP
1045,Nord,Consumer
1046,Sud,Business
1047,Sud,Business
1048,Nord,Consumer
1049,Centro,Consumer
1050,Isole,VIP
1051,Centro,Business
1052,Nord,Business
1053,Centro,Consumer
1054,Sud,Consumer
1055,Nord,Business
1056,Sud,VIP
1057,Centro,Business
1058,Sud,VIP
1059,Isole,Consumer
1060,Sud,VIP
1061,Nord,VIP
1062,Nord,Consumer
1063,Nord,VIP
1064,Centro,VIP
1065,Sud,Consumer
1066,Isole,Consumer
1067,Centro,Consumer
1068,Centro,Consumer
1069,Centro,VIP
1070,Isole,Consumer
1071,Isole,Business
1072,Isole,Business
1073,Isole,Consumer
1074,Centro,Business
1075,Sud,Consumer
1076,Centro,Consumer
1077,Nord,Consumer
1078,Isole,VIP
1079,Nord,VIP
1080,Isole,Consumer
1081,Isole,Business
1082,Sud,VIP
1083,Sud,VIP
1084,Nord,Consumer
1085,Centro,Business
1086,Nord,Consumer
1087,Isole,Consumer
1088,Isole,VIP
1089,Nord,Consumer
1090,Nord,Consumer
1091,Nord,Business
1092,Nord,VIP
1093,Centro,Consumer
1094,Sud,Business
1095,Centro,Consumer
1096,Isole,VIP
1097,Centro,Consumer
1098,Centro,Consumer
1099,Sud,Consumer
1100,Isole,Business
1101,Nord,Business
1102,Isole,Consumer
1103,Centro,Business
1104,Isole,Business
1105,Centro,Consumer
1106,Sud,Business
1107,Sud,Consumer
1108,Centro,VIP
1109,Isole,Consumer
1110,Sud,Consumer
1111,Centro,Consumer
1112,Centro,Business
1113,Nord,Consumer
1114,Nord,Business
1115,Centro,Business
1116,Centro,Consumer
1117,Nord,VIP
1118,Nord,Consumer
1119,Centro,Business
1120,Nord,VIP
1121,Isole,Consumer
1122,Isole,Business
1123,Centro,VIP
1124,Sud,Consumer
1125,Sud,VIP
1126,Sud,Business
1127,Sud,VIP
1128,Isole,VIP
1129,Nord,Business
1130,Isole,VIP
1131,Isole,Consumer
1132,Sud,Consumer
1133,Isole,Consumer
1134,Sud,Consumer
1135,Isole,Business
1136,Sud,Business
1137,Isole,VIP
1138,Centro,Consumer
1139,Sud,VIP
1140,Sud,Business
1141,Centro,VIP
1142,Sud,VIP
1143,Nord,Consumer
1144,Sud,Consumer
1145,Sud,Consumer
1146,Centro,Business
1147,Sud,Consumer
1148,Sud,Business
1149,Isole,VIP
1150,Isole,VIP
1151,Centro,Business
1152,Nord,Business
1153,Sud,Consumer
1154,Isole,Business
1155,Sud,VIP
1156,Nord,VIP
1157,Isole,VIP
1158,Nord,VIP
1159,Isole,Business
1160,Sud,Consumer
1161,Centro,VIP
1162,Centro,Business
1163,Isole,VIP
1164,Isole,Consumer
1165,Centro,VIP
1166,Isole,Consumer
1167,Nord,Business
1168,Isole,VIP
1169,Centro,Business
1170,Isole,VIP
1171,Sud,Consumer
1172,Nord,VIP
1173,Isole,VIP
1174,Centro,Consumer
1175,Isole,Consumer
1176,Centro,Business
1177,Nord,VIP
1178,Sud,VIP
1179,Isole,VIP
1180,Isole,Business
1181,Nord,Business
1182,Sud,Consumer
1183,Sud,VIP
1184,Centro,Consumer
1185,Isole,VIP
1186,Isole,Business
1187,Isole,Consumer
1188,Nord,VIP
1189,Sud,Business
1190,Centro,VIP
1191,Sud,VIP
1192,Isole,Business
1193,Nord,Consumer
1194,Sud,VIP
1195,Sud,Business
1196,Sud,Consumer
1197,Sud,VIP
1198,Sud,Consumer
1199,Isole,Consumer
1200,Nord,VIP
1201,Sud,Business
1202,Nord,Business
1203,Isole,Business
1204,Nord,Consumer
1205,Centro,VIP
1206,Centro,Business
1207,Centro,VIP
1208,Sud,Consumer
1209,Sud,Consumer
1210,Centro,Consumer
1211,Isole,Business
1212,Nord,Business
1213,Centro,Consumer
1214,Centro,Business
1215,Centro,Business
1216,Nord,VIP
1217,Sud,Business
1218,Sud,VIP
1219,Centro,Business
1220,Isole,Business
1221,Sud,Business
1222,Isole,Consumer
1223,Nord,Consumer
1224,Isole,Business
1225,Isole,Consumer
1226,Nord,Business
1227,Nord,Business
1228,Sud,VIP
1229,Isole,Business
1230,Isole,Consumer
1231,Sud,VIP
1232,Isole,Consumer
1233,Isole,Consumer
1234,Sud,VIP
1235,Isole,VIP
1236,Isole,VIP
1237,Nord,Business
1238,Sud,Business
1239,Centro,Business
1240,Nord,Consumer
1241,Isole,Business
1242,Sud,VIP
1243,Nord,Consumer
1244,Isole,Business
1245,Centro,Consumer
1246,Sud,Consumer
1247,Nord,Business
1248,Isole,Consumer
1249,Nord,VIP
1250,Centro,Business
1251,Isole,Business
1252,Sud,VIP
1253,Sud,VIP
1254,Centro,VIP
1255,Nord,VIP
1256,Isole,VIP
1257,Sud,Business
1258,Nord,Business
1259,Sud,VIP
1260,Sud,Business
1261,Isole,Business
1262,Centro,VIP
1263,Nord,VIP
1264,Nord,VIP
1265,Nord,Consumer
1266,Sud,Consumer
1267,Isole,Consumer
1268,Isole,VIP
1269,Isole,Business
1270,Centro,VIP
1271,Isole,Business
1272,Isole,VIP
1273,Sud,Business
1274,Centro,VIP
1275,Nord,VIP
1276,Isole,VIP
1277,Isole,Consumer
1278,Centro,Consumer
1279,Centro,Business
1280,Centro,Consumer
1281,Centro,Consumer
1282,Isole,VIP
1283,Nord,Consumer
1284,Sud,VIP
1285,Nord,Business
1286,Isole,VIP
1287,Nord,Consumer
1288,Centro,Business
1289,Centro,Consumer
1290,Sud,Consumer
1291,Nord,Consumer
1292,Centro,Business
1293,Nord,Consumer
1294,Sud,VIP
1295,Isole,Consumer
1296,Isole,Business
1297,Isole,Consumer
1298,Isole,Business
1299,Sud,VIP
1300,Centro,Business
1301,Centro,Consumer
1302,Isole,VIP
1303,Sud,VIP
1304,Nord,VIP
1305,Sud,Consumer
1306,Sud,Business
1307,Sud,Consumer
1308,Isole,Consumer
1309,Isole,Consumer
1310,Sud,Business
1311,Isole,Business
1312,Isole,Business
1313,Sud,Consumer
1314,Sud,Consumer
1315,Centro,Consumer
1316,Nord,Consumer
1317,Centro,Business
1318,Centro,VIP
1319,Centro,Business
1320,Isole,Business
1321,Isole,Consumer
1322,Isole,Business
1323,Nord,Business
1324,Sud,Consumer
1325,Sud,VIP
1326,Isole,VIP
1327,Centro,VIP
1328,Isole,Consumer
1329,Nord,Business
1330,Sud,VIP
1331,Sud,Consumer
1332,Sud,VIP
1333,Isole,Consumer
1334,Sud,Business
1335,Isole,VIP
1336,Nord,Consumer
1337,Nord,Consumer
1338,Sud,Business
1339,Sud,Business
1340,Nord,VIP
1341,Nord,Business
1342,Nord,VIP
1343,Sud,VIP
1344,Centro,Business
1345,Isole,VIP
1346,Isole,Consumer
1347,Isole,VIP
1348,Nord,VIP
1349,Centro,Consumer
1350,Nord,Business
1351,Isole,Business
1352,Sud,VIP
1353,Sud,Business
1354,Sud,VIP
1355,Isole,VIP
1356,Sud,VIP
1357,Isole,Business
1358,Sud,Consumer
1359,Isole,Business
1360,Centro,Business
1361,Nord,Consumer
1362,Centro,Consumer
1363,Centro,Business
1364,Centro,Consumer
1365,Isole,Business
1366,Nord,Business
1367,Isole,Business
1368,Sud,VIP
1369,Centro,Business
1370,Sud,VIP
1371,Nord,Consumer
1372,Sud,Consumer
1373,Isole,VIP
1374,Nord,VIP
1375,Isole,Business
1376,Centro,Consumer
1377,Centro,VIP
1378,Nord,VIP
1379,Nord,Business
1380,Isole,Business
1381,Nord,VIP
1382,Centro,VIP
1383,Isole,Consumer
1384,Nord,VIP
1385,Centro,Business
1386,Centro,Business
1387,Nord,Business
1388,Sud,VIP
1389,Centro,Consumer
1390,Centro,Consumer
1391,Isole,Business
1392,Centro,Business
1393,Isole,Business
1394,Sud,Business
1395,Centro,Consumer
1396,Centro,VIP
1397,Sud,VIP
1398,Centro,VIP
1399,Centro,Consumer
1400,Sud,VIP
1401,Isole,Consumer
1402,Isole,Consumer
1403,Centro,Business
1404,Centro,Consumer
1405,Isole,Consumer
1406,Centro,Business
1407,Nord,VIP
1408,Nord,Consumer
1409,Isole,VIP
1410,Nord,Consumer
1411,Centro,Business
1412,Centro,VIP
1413,Centro,VIP
1414,Sud,VIP
1415,Centro,Business
1416,Isole,Business
1417,Nord,Consumer
1418,Sud,Business
1419,Centro,Consumer
1420,Nord,VIP
1421,Nord,Business
1422,Sud,VIP
1423,Sud,Consumer
1424,Nord,Consumer
1425,Isole,VIP
1426,Isole,Business
1427,Isole,Business
1428,Sud,Consumer
1429,Isole,Business
1430,Centro,Consumer
1431,Nord,Business
1432,Sud,VIP
1433,Nord,VIP
1434,Nord,VIP
1435,Sud,Business
1436,Sud,Business
1437,Centro,VIP
1438,Sud,Business
1439,Isole,Business
1440,Sud,Consumer
1441,Sud,VIP
1442,Sud,VIP
1443,Centro,Consumer
1444,Centro,VIP
1445,Isole,VIP
1446,Sud,Consumer
1447,Sud,Business
1448,Sud,Consumer
1449,Centro,Consumer
1450,Sud,Business
1451,Isole,Consumer
1452,Isole,Business
1453,Isole,Business
1454,Sud,Business
1455,Isole,VIP
1456,Isole,VIP
1457,Centro,Consumer
1458,Nord,Business
1459,Isole,Business
1460,Centro,VIP
1461,Centro,Consumer
1462,Nord,Business
1463,Nord,Business
1464,Isole,VIP
1465,Isole,Business
1466,Isole,Consumer
1467,Isole,Business
1468,Sud,VIP
1469,Sud,Consumer
1470,Centro,Business
1471,Sud,VIP
1472,Sud,VIP
1473,Nord,Business
1474,Isole,Business
1475,Isole,Consumer
1476,Nord,Consumer
1477,Centro,Business
1478,Isole,Consumer
1479,Sud,VIP
1480,Nord,VIP
1481,Isole,VIP
1482,Nord,VIP
1483,Sud,Business
1484,Sud,Consumer
1485,Nord,Consumer
1486,Centro,Consumer
1487,Sud,VIP
1488,Sud,Consumer
1489,Sud,Consumer
1490,Nord,Consumer
1491,Isole,VIP
1492,Nord,VIP
1493,Nord,Business
1494,Isole,Business
1495,Isole,Consumer
1496,Isole,VIP
1497,Sud,Consumer
1498,Sud,Consumer
1499,Sud,VIP
1500,Sud,Consumer
1501,Nord,VIP
1502,Isole,Business
1503,Centro,VIP
1504,Isole,Business
1505,Centro,Business
1506,Sud,Business
1507,Nord,Business
1508,Centro,Consumer
1509,Nord,Business
1510,Nord,VIP
1511,Sud,VIP
1512,Sud,Business
1513,Centro,Consumer
1514,Nord,Business
1515,Nord,Consumer
1516,Sud,VIP
1517,Isole,Consumer
1518,Nord,VIP
1519,Sud,Business
1520,Centro,Business
1521,Centro,VIP
1522,Centro,Consumer
1523,Nord,Consumer
1524,Nord,Consumer
1525,Isole,Business
1526,Centro,Business
1527,Nord,Consumer
1528,Sud,VIP
1529,Isole,VIP
1530,Sud,VIP
1531,Isole,Consumer
1532,Sud,VIP
1533,Nord,Consumer
1534,Sud,Consumer
1535,Isole,Consumer
1536,Sud,Consumer
1537,Isole,VIP
1538,Centro,Consumer
1539,Centro,VIP
1540,Isole,VIP
1541,Nord,Consumer
1542,Centro,VIP
1543,Sud,Consumer
1544,Sud,Consumer
1545,Sud,VIP
1546,Isole,Consumer
1547,Centro,Consumer
1548,Sud,Consumer
1549,Centro,VIP
1550,Isole,Consumer
1551,Sud,VIP
1552,Centro,VIP
1553,Isole,Consumer
1554,Centro,Business
1555,Centro,Business
1556,Centro,Consumer
1557,Isole,Consumer
1558,Sud,Consumer
1559,Centro,Business
1560,Sud,Business
1561,Isole,VIP
1562,Sud,Consumer
1563,Nord,Business
1564,Isole,Business
1565,Nord,Consumer
1566,Nord,Business
1567,Centro,Business
1568,Sud,VIP
1569,Centro,Business
1570,Centro,Consumer
1571,Sud,VIP
1572,Centro,Consumer
1573,Centro,Consumer
1574,Centro,VIP
1575,Isole,VIP
1576,Isole,Consumer
1577,Sud,Business
1578,Isole,VIP
1579,Isole,VIP
1580,Nord,Business
1581,Sud,Consumer
1582,Sud,Business
1583,Sud,VIP
1584,Nord,VIP
1585,Nord,Consumer
1586,Centro,Consumer
1587,Isole,VIP
1588,Centro,Consumer
1589,Centro,Consumer
1590,Isole,Business
1591,Centro,Consumer
1592,Isole,VIP
1593,Sud,Business
1594,Isole,Consumer
1595,Sud,VIP
1596,Isole,Business
1597,Sud,VIP
1598,Isole,Consumer
1599,Centro,Consumer
1600,Nord,Business
1601,Isole,Business
1602,Nord,Business
1603,Sud,Business
1604,Sud,Consumer
1605,Isole,Consumer
1606,Sud,Consumer
1607,Centro,Business
1608,Isole,VIP
1609,Centro,VIP
1610,Sud,Consumer
1611,Isole,Consumer
1612,Isole,VIP
1613,Isole,VIP
1614,Nord,Consumer
1615,Nord,Business
1616,Nord,Consumer
1617,Centro,Business
1618,Nord,Consumer
1619,Isole,VIP
1620,Nord,Business
1621,Isole,Business
1622,Isole,Consumer
1623,Sud,Business
1624,Centro,Business
1625,Isole,Consumer
1626,Isole,Consumer
1627,Isole,VIP
1628,Sud,Business
1629,Isole,Consumer
1630,Sud,Business
1631,Nord,Consumer
1632,Sud,Business
1633,Isole,Business
1634,Nord,VIP
1635,Isole,Consumer
1636,Centro,Business
1637,Nord,Business
1638,Nord,Consumer
1639,Centro,VIP
1640,Sud,Business
1641,Isole,VIP
1642,Centro,VIP
1643,Nord,VIP
1644,Nord,Consumer
1645,Sud,Consumer
1646,Sud,VIP
1647,Nord,Business
1648,Nord,Business
1649,Isole,Consumer
1650,Sud,Business
1651,Nord,Consumer
1652,Centro,VIP
1653,Centro,Business
1654,Nord,Business
1655,Sud,Consumer
1656,Isole,Consumer
1657,Centro,Consumer
1658,Sud,Consumer
1659,Centro,VIP
1660,Isole,Business
1661,Nord,Consumer
1662,Centro,Business
1663,Nord,Consumer
1664,Centro,VIP
1665,Isole,Business
1666,Sud,Consumer
1667,Nord,Business
1668,Sud,VIP
1669,Centro,VIP
1670,Sud,Business
1671,Sud,Consumer
1672,Centro,VIP
1673,Centro,VIP
1674,Centro,VIP
1675,Isole,Consumer
1676,Isole,Consumer
1677,Centro,VIP
1678,Sud,VIP
1679,Nord,Consumer
1680,Nord,Business
1681,Nord,Consumer
1682,Nord,Consumer
1683,Centro,VIP
1684,Isole,VIP
1685,Nord,VIP
1686,Isole,VIP
1687,Sud,Business
1688,Nord,Business
1689,Sud,VIP
1690,Sud,Consumer
1691,Isole,VIP
1692,Centro,Business
1693,Nord,Business
1694,Isole,VIP
1695,Sud,Business
1696,Centro,VIP
1697,Nord,Consumer
1698,Centro,Consumer
1699,Nord,Consumer
1700,Centro,VIP
1701,Isole,Consumer
1702,Nord,VIP
1703,Sud,Business
1704,Centro,Consumer
1705,Nord,Business
1706,Centro,Consumer
1707,Centro,VIP
1708,Sud,Business
1709,Isole,VIP
1710,Sud,Business
1711,Isole,Business
1712,Centro,Consumer
1713,Nord,Consumer
1714,Nord,VIP
1715,Centro,Consumer
1716,Centro,Consumer
1717,Nord,Business
1718,Sud,Consumer
1719,Sud,VIP
1720,Nord,Consumer
1721,Isole,Consumer
1722,Sud,Business
1723,Centro,Business
1724,Nord,Consumer
1725,Sud,Consumer
1726,Nord,Business
1727,Isole,Consumer
1728,Sud,Consumer
1729,Centro,Consumer
1730,Centro,Business
1731,Sud,VIP
1732,Isole,Business
1733,Isole,VIP
1734,Nord,Consumer
1735,Sud,Business
1736,Isole,VIP
1737,Isole,Consumer
1738,Centro,Consumer
1739,Centro,VIP
1740,Centro,Business
1741,Centro,Consumer
1742,Isole,Consumer
1743,Nord,Consumer
1744,Nord,Business
1745,Centro,Business
1746,Nord,VIP
1747,Isole,Consumer
1748,Sud,Consumer
1749,Nord,Business
1750,Sud,VIP
1751,Nord,Consumer
1752,Nord,Consumer
1753,Nord,Consumer
1754,Isole,VIP
1755,Centro,VIP
1756,Isole,Consumer
1757,Nord,VIP
1758,Isole,Consumer
1759,Isole,Consumer
1760,Isole,Business
1761,Isole,Business
1762,Isole,Business
1763,Nord,Consumer
1764,Sud,Consumer
1765,Nord,VIP
1766,Nord,Consumer
1767,Centro,Consumer
1768,Nord,Consumer
1769,Nord,Business
1770,Sud,VIP
1771,Isole,Business
1772,Centro,VIP
1773,Nord,VIP
1774,Sud,Business
1775,Nord,VIP
1776,Nord,Business
1777,Isole,Consumer
1778,Centro,VIP
1779,Centro,Business
1780,Centro,Consumer
1781,Centro,VIP
1782,Nord,Business
1783,Centro,Consumer
1784,Nord,VIP
1785,Centro,Business
1786,Nord,VIP
1787,Isole,Consumer
1788,Nord,VIP
1789,Centro,Business
1790,Isole,Business
1791,Nord,Consumer
1792,Centro,Consumer
1793,Isole,Consumer
1794,Centro,Consumer
1795,Isole,VIP
1796,Isole,Consumer
1797,Centro,VIP
1798,Nord,Business
1799,Isole,VIP
1800,Isole,Business
1801,Centro,Consumer
1802,Nord,Consumer
1803,Centro,Consumer
1804,Nord,VIP
1805,Isole,Consumer
1806,Centro,Business
1807,Isole,VIP
1808,Sud,VIP
1809,Centro,Consumer
1810,Centro,VIP
1811,Sud,VIP
1812,Nord,Consumer
1813,Sud,Consumer
1814,Sud,Business
1815,Isole,Consumer
1816,Nord,Consumer
1817,Centro,Consumer
1818,Centro,Business
1819,Centro,VIP
1820,Sud,Business
1821,Nord,VIP
1822,Centro,Consumer
1823,Centro,VIP
1824,Isole,VIP
1825,Isole,Business
1826,Sud,Business
1827,Nord,Consumer
1828,Centro,Business
1829,Centro,VIP
1830,Sud,Consumer
1831,Centro,Business
1832,Isole,VIP
1833,Isole,Consumer
1834,Isole,VIP
1835,Isole,Consumer
1836,Nord,Consumer
1837,Sud,Business
1838,Sud,Consumer
1839,Centro,Business
1840,Nord,VIP
1841,Sud,Consumer
1842,Sud,Business
1843,Isole,Business
1844,Nord,VIP
1845,Sud,Business
1846,Centro,Business
1847,Isole,Business
1848,Sud,Consumer
1849,Sud,Consumer
1850,Sud,VIP
1851,Nord,VIP
1852,Nord,VIP
1853,Centro,Business
1854,Centro,Consumer
1855,Nord,VIP
1856,Nord,Business
1857,Nord,VIP
1858,Centro,Business
1859,Nord,VIP
1860,Sud,Business
1861,Sud,Consumer
1862,Sud,VIP
1863,Isole,VIP
1864,Nord,VIP
1865,Centro,VIP
1866,Sud,Business
1867,Nord,Business
1868,Centro,Consumer
1869,Centro,VIP
1870,Centro,VIP
1871,Nord,Business
1872,Nord,Consumer
1873,Isole,Consumer
1874,Nord,Consumer
1875,Isole,VIP
1876,Centro,Consumer
1877,Centro,VIP
1878,Centro,Business
1879,Isole,Consumer
1880,Isole,VIP
1881,Nord,VIP
1882,Nord,Consumer
1883,Centro,VIP
1884,Isole,Consumer
1885,Sud,Business
1886,Centro,VIP
1887,Nord,Consumer
1888,Nord,Consumer
1889,Isole,VIP
1890,Sud,Consumer
1891,Isole,Consumer
1892,Isole,VIP
1893,Isole,VIP
1894,Centro,Business
1895,Isole,VIP
1896,Isole,Business
1897,Sud,Business
1898,Nord,Consumer
1899,Nord,Consumer
1900,Nord,VIP
1901,Centro,Consumer
1902,Nord,Business
1903,Isole,Consumer
1904,Sud,Business
1905,Centro,VIP
1906,Sud,VIP
1907,Sud,VIP
1908,Nord,Business
1909,Nord,Business
1910,Sud,Consumer
1911,Isole,Business
1912,Centro,Business
1913,Isole,Consumer
1914,Isole,VIP
1915,Nord,Consumer
1916,Sud,VIP
1917,Isole,VIP
1918,Isole,Consumer
1919,Centro,Consumer
1920,Isole,VIP
1921,Centro,Consumer
1922,Sud,Business
1923,Nord,VIP
1924,Centro,Business
1925,Isole,Consumer
1926,Sud,VIP
1927,Centro,Consumer
1928,Nord,VIP
1929,Centro,Business
1930,Centro,Consumer
1931,Nord,Consumer
1932,Centro,Consumer
1933,Nord,VIP
1934,Isole,VIP
1935,Nord,VIP
1936,Nord,VIP
1937,Nord,Consumer
1938,Isole,Business
1939,Nord,Business
1940,Sud,Consumer
1941,Centro,Business
1942,Isole,VIP
1943,Sud,VIP
1944,Centro,VIP
1945,Sud,Business
1946,Nord,Consumer
1947,Nord,Business
1948,Isole,VIP
1949,Nord,Business
1950,Nord,Business
1951,Isole,Consumer
1952,Nord,Consumer
1953,Centro,Consumer
1954,Isole,Business
1955,Centro,Business
1956,Sud,Consumer
1957,Sud,VIP
1958,Isole,Business
1959,Centro,Business
1960,Sud,Consumer
1961,Sud,VIP
1962,Isole,VIP
1963,Isole,Business
1964,Isole,VIP
1965,Nord,Business
1966,Sud,Business
1967,Sud,VIP
1968,Centro,Business
1969,Isole,VIP
1970,Centro,Consumer
1971,Sud,Business
1972,Nord,VIP
1973,Centro,VIP
1974,Centro,VIP
1975,Centro,VIP
1976,Sud,Business
1977,Isole,Consumer
1978,Centro,Business
1979,Nord,Business
1980,Nord,Consumer
1981,Isole,Consumer
1982,Sud,VIP
1983,Isole,VIP
1984,Sud,Consumer
1985,Isole,VIP
1986,Sud,VIP
1987,Centro,Business
1988,Nord,VIP
1989,Sud,VIP
1990,Centro,VIP
1991,Isole,Consumer
1992,Isole,Business
1993,Sud,VIP
1994,Nord,VIP
1995,Sud,Business
1996,Sud,VIP
1997,Nord,VIP
1998,Nord,Consumer
1999,Nord,VIP
2000,Centro,Consumer
2001,Nord,Business
2002,Centro,VIP
2003,Sud,VIP
2004,Centro,Business
2005,Nord,Business
2006,Isole,VIP
2007,Isole,VIP
2008,Nord,Business
2009,Isole,Business
2010,Centro,Consumer
2011,Isole,Business
2012,Nord,VIP
2013,Isole,Business
2014,Sud,Consumer
2015,Isole,Consumer
2016,Nord,VIP
2017,Centro,VIP
2018,Nord,Business
2019,Isole,VIP
2020,Nord,Consumer
2021,Centro,Business
2022,Nord,VIP
2023,Nord,VIP
2024,Centro,VIP
2025,Isole,VIP
2026,Nord,Consumer
2027,Sud,Consumer
2028,Centro,Consumer
2029,Centro,Consumer
2030,Centro,VIP
2031,Nord,Business
2032,Nord,Business
2033,Isole,Business
2034,Centro,Consumer
2035,Isole,Business
2036,Nord,VIP
2037,Nord,Business
2038,Isole,Consumer
2039,Isole,VIP
2040,Isole,VIP
2041,Sud,VIP
2042,Sud,Business
2043,Centro,VIP
2044,Centro,Consumer
2045,Isole,VIP
2046,Centro,VIP
2047,Centro,Business
2048,Sud,Business
2049,Nord,Consumer
2050,Nord,Consumer
2051,Isole,Business
2052,Isole,Consumer
2053,Nord,Consumer
2054,Sud,VIP
2055,Nord,Consumer
2056,Nord,Consumer
2057,Nord,Consumer
2058,Sud,Business
2059,Nord,VIP
2060,Centro,Business
2061,Nord,Consumer
2062,Nord,VIP
2063,Nord,Business
2064,Centro,Consumer
2065,Nord,VIP
2066,Centro,VIP
2067,Sud,VIP
2068,Isole,Business
2069,Centro,VIP
2070,Centro,VIP
2071,Nord,Consumer
2072,Isole,Consumer
2073,Isole,VIP
2074,Centro,Consumer
2075,Sud,Business
2076,Nord,Business
2077,Nord,VIP
2078,Isole,Business
2079,Centro,Consumer
2080,Centro,Business
2081,Nord,Consumer
2082,Isole,Business
2083,Nord,VIP
2084,Nord,VIP
2085,Isole,VIP
2086,Nord,Consumer
2087,Nord,VIP
2088,Nord,Business
2089,Centro,Consumer
2090,Isole,VIP
2091,Nord,Business
2092,Centro,Consumer
2093,Isole,VIP
2094,Centro,VIP
2095,Centro,VIP
2096,Sud,Business
2097,Sud,Business
2098,Centro,Consumer
2099,Centro,Consumer
2100,Centro,Consumer
2101,Sud,Business
2102,Sud,VIP
2103,Centro,Consumer
2104,Nord,VIP
2105,Nord,Consumer
2106,Isole,Consumer
2107,Centro,Consumer
2108,Sud,Business
2109,Isole,Consumer
2110,Isole,Business
2111,Centro,Consumer
2112,Isole,VIP
2113,Isole,Consumer
2114,Sud,Business
2115,Isole,Consumer
2116,Nord,Business
2117,Centro,VIP
2118,Nord,Consumer
2119,Sud,Consumer
2120,Centro,VIP
2121,Centro,VIP
2122,Nord,VIP
2123,Isole,Consumer
2124,Sud,Consumer
2125,Centro,Consumer
2126,Nord,VIP
2127,Sud,Business
2128,Centro,VIP
2129,Isole,Business
2130,Centro,Consumer
2131,Nord,VIP
2132,Sud,Business
2133,Isole,Business
2134,Nord,VIP
2135,Sud,Business
2136,Nord,VIP
2137,Centro,Business
2138,Sud,Consumer
2139,Isole,VIP
2140,Centro,VIP
2141,Centro,Consumer
2142,Sud,VIP
2143,Sud,Consumer
2144,Centro,Consumer
2145,Isole,VIP
2146,Nord,Consumer
2147,Centro,Consumer
2148,Sud,Business
2149,Sud,Business
2150,Isole,Business
2151,Sud,Business
2152,Isole,Consumer
2153,Sud,Consumer
2154,Isole,Business
2155,Nord,Consumer
2156,Centro,VIP
2157,Centro,Business
2158,Nord,VIP
2159,Isole,Consumer
2160,Sud,Business
2161,Centro,VIP
2162,Centro,Business
2163,Centro,Business
2164,Centro,Business
2165,Sud,VIP
2166,Sud,Business
2167,Sud,Business
2168,Sud,VIP
2169,Nord,VIP
2170,Isole,Business
2171,Isole,Consumer
2172,Isole,Business
2173,Sud,VIP
2174,Sud,Business
2175,Sud,VIP
2176,Sud,Business
2177,Isole,Business
2178,Sud,Business
2179,Sud,Consumer
2180,Nord,Consumer
2181,Nord,Consumer
2182,Centro,VIP
2183,Centro,Business
2184,Centro,Business
2185,Nord,Business
2186,Centro,VIP
2187,Centro,Consumer
2188,Nord,VIP
2189,Nord,VIP
2190,Centro,VIP
2191,Isole,Consumer
2192,Sud,Business
2193,Centro,Consumer
2194,Centro,VIP
2195,Sud,Business
2196,Isole,Consumer
2197,Centro,Consumer
2198,Centro,VIP
2199,Isole,VIP
2200,Nord,VIP
2201,Isole,VIP
2202,Isole,Business
2203,Centro,Consumer
2204,Nord,Consumer
2205,Isole,Consumer
2206,Centro,Consumer
2207,Sud,Business
2208,Nord,Consumer
2209,Isole,VIP
2210,Isole,Business
2211,Nord,VIP
2212,Isole,VIP
2213,Isole,Business
2214,Isole,VIP
2215,Nord,Business
2216,Sud,Consumer
2217,Sud,VIP
2218,Sud,Consumer
2219,Sud,Business
2220,Sud,VIP
2221,Sud,Business
2222,Sud,Consumer
2223,Sud,VIP
2224,Isole,Business
2225,Isole,Consumer
2226,Isole,VIP
2227,Sud,Business
2228,Sud,Business
2229,Centro,Consumer
2230,Centro,VIP
2231,Isole,Consumer
2232,Centro,Business
2233,Isole,Business
2234,Nord,VIP
2235,Centro,Consumer
2236,Nord,Business
2237,Centro,Business
2238,Isole,Consumer
2239,Sud,Consumer
2240,Centro,VIP
2241,Centro,Business
2242,Isole,Business
2243,Isole,Business
2244,Centro,Business
2245,Nord,Business
2246,Sud,Business
2247,Isole,Consumer
2248,Sud,Business
2249,Isole,VIP
2250,Nord,VIP
2251,Nord,VIP
2252,Sud,Consumer
2253,Nord,VIP
2254,Nord,Consumer
2255,Centro,VIP
2256,Centro,VIP
2257,Sud,VIP
2258,Isole,VIP
2259,Isole,Consumer
2260,Nord,VIP
2261,Isole,Consumer
2262,Isole,VIP
2263,Isole,Business
2264,Sud,VIP
2265,Isole,VIP
2266,Nord,Consumer
2267,Sud,Consumer
2268,Nord,Business
2269,Sud,Consumer
2270,Centro,Consumer
2271,Centro,VIP
2272,Nord,VIP
2273,Centro,VIP
2274,Sud,Business
2275,Isole,Business
2276,Isole,VIP
2277,Nord,Consumer
2278,Sud,Consumer
2279,Centro,Business
2280,Isole,Consumer
2281,Sud,VIP
2282,Isole,VIP
2283,Centro,Business
2284,Nord,Business
2285,Isole,Consumer
2286,Sud,Business
2287,Sud,VIP
2288,Centro,Business
2289,Centro,Consumer
2290,Centro,Business
2291,Centro,Business
2292,Isole,Consumer
2293,Isole,Consumer
2294,Centro,Consumer
2295,Isole,Business
2296,Sud,VIP
2297,Centro,Consumer
2298,Nord,VIP
2299,Sud,Business
2300,Nord,Consumer
2301,Isole,Consumer
2302,Isole,Business
2303,Isole,VIP
2304,Isole,Business
2305,Nord,VIP
2306,Centro,VIP
2307,Centro,Consumer
2308,Isole,Consumer
2309,Isole,Business
2310,Isole,VIP
2311,Sud,VIP
2312,Nord,VIP
2313,Sud,VIP
2314,Centro,VIP
2315,Sud,VIP
2316,Isole,Business
2317,Sud,Business
2318,Nord,VIP
2319,Isole,VIP
2320,Isole,VIP
2321,Isole,VIP
2322,Centro,Consumer
2323,Centro,VIP
2324,Nord,VIP
2325,Centro,Business
2326,Centro,Business
2327,Centro,Business
2328,Centro,VIP
2329,Isole,Consumer
2330,Isole,Consumer
2331,Nord,Business
2332,Centro,Consumer
2333,Isole,Business
2334,Isole,Consumer
2335,Isole,Consumer
2336,Nord,Consumer
2337,Sud,Business
2338,Nord,VIP
2339,Nord,Consumer
2340,Isole,Business
2341,Centro,VIP
2342,Nord,VIP
2343,Sud,Consumer
2344,Nord,Consumer
2345,Nord,Business
2346,Sud,Business
2347,Nord,Business
2348,Isole,Consumer
2349,Sud,Business
2350,Sud,Consumer
2351,Centro,Business
2352,Sud,Consumer
2353,Sud,Business
2354,Centro,VIP
2355,Nord,Consumer
2356,Sud,VIP
2357,Sud,Consumer
2358,Nord,Business
2359,Nord,VIP
2360,Sud,Business
2361,Isole,VIP
2362,Sud,Consumer
2363,Centro,VIP
2364,Sud,Business
2365,Nord,VIP
2366,Nord,VIP
2367,Sud,Consumer
2368,Nord,Business
2369,Centro,Business
2370,Centro,VIP
2371,Nord,VIP
2372,Nord,Consumer
2373,Isole,VIP
2374,Centro,Business
2375,Nord,VIP
2376,Centro,Business
2377,Sud,VIP
2378,Centro,Consumer
2379,Sud,Consumer
2380,Isole,Consumer
2381,Sud,VIP
2382,Isole,Business
2383,Nord,Consumer
2384,Isole,Business
2385,Nord,Consumer
2386,Centro,Business
2387,Isole,VIP
2388,Isole,VIP
2389,Centro,Consumer
2390,Centro,Business
2391,Sud,VIP
2392,Nord,Business
2393,Isole,VIP
2394,Isole,VIP
2395,Sud,VIP
2396,Nord,Consumer
2397,Nord,Business
2398,Isole,Consumer
2399,Sud,Business
2400,Isole,Business
2401,Nord,VIP
2402,Isole,Business
2403,Nord,Consumer
2404,Centro,Consumer
2405,Nord,Business
2406,Sud,VIP
2407,Sud,VIP
2408,Isole,Consumer
2409,Centro,Business
2410,Nord,VIP
2411,Sud,Consumer
2412,Sud,Consumer
2413,Nord,Consumer
2414,Isole,Business
2415,Nord,VIP
2416,Isole,VIP
2417,Isole,VIP
2418,Centro,Consumer
2419,Sud,Consumer
2420,Nord,Consumer
2421,Isole,VIP
2422,Sud,VIP
2423,Nord,Consumer
2424,Nord,VIP
2425,Isole,Business
2426,Isole,VIP
2427,Isole,Business
2428,Nord,Business
2429,Isole,VIP
2430,Sud,Business
2431,Centro,Consumer
2432,Sud,Consumer
2433,Nord,Consumer
2434,Isole,Business
2435,Isole,VIP
2436,Sud,Business
2437,Sud,VIP
2438,Isole,Consumer
2439,Sud,VIP
2440,Nord,VIP
2441,Isole,Consumer
2442,Isole,Business
2443,Centro,VIP
2444,Centro,VIP
2445,Nord,Consumer
2446,Nord,Consumer
2447,Sud,VIP
2448,Isole,Business
2449,Nord,Business
2450,Isole,Business
2451,Nord,VIP
2452,Sud,VIP
2453,Nord,Consumer
2454,Isole,Business
2455,Nord,Consumer
2456,Nord,Business
2457,Centro,Consumer
2458,Isole,VIP
2459,Sud,Consumer
2460,Nord,Consumer
2461,Isole,VIP
2462,Sud,Business
2463,Centro,Consumer
2464,Sud,Business
2465,Centro,Business
2466,Nord,Consumer
2467,Nord,Consumer
2468,Nord,VIP
2469,Isole,Business
2470,Centro,Business
2471,Isole,Consumer
2472,Isole,Consumer
2473,Sud,VIP
2474,Centro,VIP
2475,Nord,VIP
2476,Isole,Consumer
2477,Nord,VIP
2478,Nord,VIP
2479,Sud,Business
2480,Centro,Consumer
2481,Isole,VIP
2482,Nord,Business
2483,Isole,Business
2484,Nord,Business
2485,Centro,Business
2486,Centro,VIP
2487,Sud,VIP
2488,Isole,Business
2489,Isole,Business
2490,Isole,Consumer
2491,Sud,Business
2492,Nord,Business
2493,Sud,Consumer
2494,Sud,Consumer
2495,Nord,Business
2496,Isole,Consumer
2497,Nord,VIP
2498,Nord,VIP
2499,Nord,VIP
2500,Sud,Consumer
2501,Sud,Consumer
2502,Centro,Consumer
2503,Isole,Consumer
2504,Nord,Consumer
2505,Sud,Business
2506,Sud,Business
2507,Centro,VIP
2508,Centro,Business
2509,Centro,VIP
2510,Centro,VIP
2511,Isole,Business
2512,Isole,Business
2513,Nord,Business
2514,Sud,Consumer
2515,Centro,Business
2516,Sud,Business
2517,Nord,Consumer
2518,Nord,Consumer
2519,Centro,Consumer
2520,Nord,VIP
2521,Centro,Business
2522,Isole,Business
2523,Sud,Business
2524,Centro,VIP
2525,Nord,VIP
2526,Isole,Business
2527,Centro,Consumer
2528,Isole,Consumer
2529,Sud,VIP
2530,Nord,VIP
2531,Sud,Consumer
2532,Nord,Business
2533,Nord,Consumer
2534,Isole,Consumer
2535,Nord,VIP
2536,Isole,VIP
2537,Isole,Business
2538,Centro,Business
2539,Sud,VIP
2540,Sud,VIP
2541,Centro,Business
2542,Nord,VIP
2543,Nord,Business
2544,Isole,Consumer
2545,Centro,VIP
2546,Centro,Consumer
2547,Isole,Business
2548,Isole,Consumer
2549,Nord,VIP
2550,Centro,Business
2551,Isole,VIP
2552,Sud,Consumer
2553,Sud,Business
2554,Nord,Consumer
2555,Centro,Business
2556,Sud,VIP
2557,Sud,Business
2558,Centro,VIP
2559,Centro,Business
2560,Isole,Consumer
2561,Centro,Business
2562,Centro,Business
2563,Isole,Business
2564,Isole,Consumer
2565,Centro,VIP
2566,Nord,Business
2567,Nord,Business
2568,Centro,Consumer
2569,Isole,Business
2570,Centro,Consumer
2571,Nord,Consumer
2572,Sud,Business
2573,Centro,Business
2574,Isole,Consumer
2575,Nord,Consumer
2576,Nord,Business
2577,Sud,Consumer
2578,Sud,Consumer
2579,Nord,VIP
2580,Nord,Consumer
2581,Sud,Business
2582,Centro,Consumer
2583,Centro,VIP
2584,Centro,Consumer
2585,Nord,VIP
2586,Nord,Consumer
2587,Sud,Business
2588,Isole,Consumer
2589,Centro,VIP
2590,Isole,VIP
2591,Isole,VIP
2592,Sud,VIP
2593,Centro,Consumer
2594,Centro,Consumer
2595,Centro,VIP
2596,Isole,VIP
2597,Nord,Consumer
2598,Nord,Consumer
2599,Sud,Business
2600,Sud,Consumer
2601,Nord,Consumer
2602,Sud,VIP
2603,Isole,Consumer
2604,Isole,Business
2605,Centro,VIP
2606,Sud,VIP
2607,Nord,Business
2608,Nord,Business
2609,Nord,VIP
2610,Isole,VIP
2611,Sud,Business
2612,Sud,Business
2613,Centro,VIP
2614,Sud,Consumer
2615,Centro,Consumer
2616,Sud,Consumer
2617,Sud,VIP
2618,Isole,Consumer
2619,Nord,Consumer
2620,Isole,VIP
2621,Sud,VIP
2622,Nord,Consumer
2623,Sud,Business
2624,Sud,Business
2625,Sud,Business
2626,Sud,VIP
2627,Isole,Business
2628,Sud,Business
2629,Isole,VIP
2630,Nord,VIP
2631,Sud,VIP
2632,Centro,Business
2633,Centro,Consumer
2634,Sud,VIP
2635,Nord,VIP
2636,Isole,VIP
2637,Sud,Business
2638,Isole,VIP
2639,Sud,Business
2640,Nord,Business
2641,Centro,Consumer
2642,Centro,Consumer
2643,Centro,Business
2644,Centro,Business
2645,Centro,Business
2646,Isole,Consumer
2647,Centro,VIP
2648,Centro,Consumer
2649,Nord,Consumer
2650,Isole,VIP
2651,Isole,VIP
2652,Centro,Business
2653,Nord,Consumer
2654,Sud,Business
2655,Centro,VIP
2656,Nord,VIP
2657,Sud,Business
2658,Centro,Consumer
2659,Nord,VIP
2660,Centro,VIP
2661,Sud,Business
2662,Sud,Consumer
2663,Sud,Business
2664,Isole,VIP
2665,Nord,Business
2666,Centro,VIP
2667,Centro,VIP
2668,Nord,Business
2669,Centro,Business
2670,Isole,VIP
2671,Nord,Business
2672,Isole,VIP
2673,Isole,VIP
2674,Centro,Consumer
2675,Nord,Business
2676,Nord,Business
2677,Isole,Consumer
2678,Sud,VIP
2679,Centro,VIP
2680,Nord,VIP
2681,Sud,VIP
2682,Sud,VIP
2683,Centro,Business
2684,Centro,Business
2685,Nord,Business
2686,Nord,Consumer
2687,Isole,Consumer
2688,Nord,VIP
2689,Isole,Business
2690,Centro,Consumer
2691,Sud,VIP
2692,Isole,VIP
2693,Sud,Consumer
2694,Isole,Business
2695,Sud,VIP
2696,Sud,Business
2697,Nord,VIP
2698,Centro,Consumer
2699,Nord,VIP
2700,Centro,Business
2701,Sud,Consumer
2702,Isole,VIP
2703,Sud,VIP
2704,Isole,VIP
2705,Centro,Business
2706,Nord,VIP
2707,Centro,Business
2708,Centro,Consumer
2709,Centro,Business
2710,Isole,VIP
2711,Sud,Consumer
2712,Sud,VIP
2713,Isole,Consumer
2714,Centro,Consumer
2715,Centro,Consumer
2716,Sud,VIP
2717,Centro,VIP
2718,Isole,VIP
2719,Sud,Business
2720,Isole,Business
2721,Isole,VIP
2722,Isole,VIP
2723,Centro,VIP
2724,Centro,Business
2725,Nord,VIP
2726,Nord,VIP
2727,Sud,Consumer
2728,Nord,VIP
2729,Isole,VIP
2730,Isole,Business
2731,Sud,VIP
2732,Centro,Business
2733,Sud,VIP
2734,Sud,Consumer
2735,Centro,Consumer
2736,Sud,VIP
2737,Nord,VIP
2738,Sud,Consumer
2739,Centro,Business
2740,Sud,VIP
2741,Isole,VIP
2742,Centro,VIP
2743,Sud,Consumer
2744,Nord,Business
2745,Sud,Business
2746,Nord,VIP
2747,Centro,Consumer
2748,Isole,Business
2749,Nord,Business
2750,Centro,Business
2751,Isole,Business
2752,Sud,Business
2753,Isole,Business
2754,Nord,Business
2755,Nord,VIP
2756,Centro,Business
2757,Nord,VIP
2758,Centro,Consumer
2759,Nord,VIP
2760,Sud,VIP
2761,Sud,Consumer
2762,Sud,Business
2763,Isole,VIP
2764,Isole,Consumer
2765,Sud,VIP
2766,Nord,Business
2767,Isole,Business
2768,Nord,VIP
2769,Sud,Business
2770,Isole,Business
2771,Centro,VIP
2772,Isole,VIP
2773,Nord,VIP
2774,Centro,Business
2775,Isole,Business
2776,Sud,VIP
2777,Isole,Consumer
2778,Centro,Consumer
2779,Sud,Business
2780,Sud,Business
2781,Centro,VIP
2782,Centro,Business
2783,Nord,Business
2784,Sud,VIP
2785,Isole,Consumer
2786,Centro,VIP
2787,Nord,Business
2788,Sud,Consumer
2789,Centro,VIP
2790,Centro,VIP
2791,Nord,Business
2792,Centro,Business
2793,Isole,VIP
2794,Centro,Business
2795,Isole,Consumer
2796,Centro,Business
2797,Nord,VIP
2798,Sud,VIP
2799,Centro,Consumer
2800,Sud,Business
2801,Centro,VIP
2802,Sud,VIP
2803,Isole,Consumer
2804,Isole,VIP
2805,Nord,Consumer
2806,Sud,Consumer
2807,Sud,Business
2808,Centro,Business
2809,Isole,Consumer
2810,Nord,Business
2811,Sud,Consumer
2812,Sud,VIP
2813,Sud,Business
2814,Nord,VIP
2815,Nord,VIP
2816,Nord,Consumer
2817,Isole,Business
2818,Nord,Consumer
2819,Sud,Consumer
2820,Centro,VIP
2821,Sud,Consumer
2822,Nord,Consumer
2823,Sud,Business
2824,Sud,Business
2825,Nord,Business
2826,Centro,Business
2827,Centro,Consumer
2828,Sud,Business
2829,Nord,VIP
2830,Nord,Business
2831,Nord,Consumer
2832,Sud,Consumer
2833,Isole,Business
2834,Isole,Consumer
2835,Isole,Business
2836,Sud,Consumer
2837,Sud,Business
2838,Isole,Consumer
2839,Nord,VIP
2840,Isole,VIP
2841,Nord,Consumer
2842,Nord,Business
2843,Centro,Business
2844,Centro,VIP
2845,Centro,Consumer
2846,Sud,Consumer
2847,Sud,Consumer
2848,Isole,Consumer
2849,Centro,Business
2850,Sud,Business
2851,Nord,Consumer
2852,Nord,Business
2853,Isole,VIP
2854,Isole,Business
2855,Sud,Consumer
2856,Centro,Business
2857,Centro,Consumer
2858,Centro,Consumer
2859,Isole,Business
2860,Nord,VIP
2861,Nord,Consumer
2862,Sud,Business
2863,Isole,VIP
2864,Nord,Business
2865,Centro,Consumer
2866,Centro,Consumer
2867,Nord,VIP
2868,Nord,Business
2869,Sud,Consumer
2870,Nord,Consumer
2871,Centro,Consumer
2872,Nord,Consumer
2873,Centro,Business
2874,Sud,Business
2875,Nord,Consumer
2876,Centro,Business
2877,Centro,VIP
2878,Centro,Consumer
2879,Centro,Consumer
2880,Sud,Consumer
2881,Nord,VIP
2882,Nord,Business
2883,Centro,Consumer
2884,Isole,Business
2885,Centro,Consumer
2886,Nord,Consumer
2887,Centro,Business
2888,Isole,Consumer
2889,Nord,Consumer
2890,Sud,Consumer
2891,Nord,VIP
2892,Sud,Consumer
2893,Sud,Consumer
2894,Centro,VIP
2895,Sud,Business
2896,Sud,Business
2897,Sud,Consumer
2898,Sud,Consumer
2899,Nord,VIP
2900,Isole,VIP
2901,Sud,VIP
2902,Isole,Business
2903,Nord,Business
2904,Centro,Consumer
2905,Nord,Consumer
2906,Isole,Consumer
2907,Sud,Business
2908,Nord,Consumer
2909,Centro,Consumer
2910,Centro,VIP
2911,Sud,VIP
2912,Centro,Consumer
2913,Centro,Consumer
2914,Centro,Consumer
2915,Sud,Business
2916,Centro,VIP
2917,Nord,VIP
2918,Isole,Business
2919,Isole,Consumer
2920,Nord,VIP
2921,Nord,Consumer
2922,Nord,Consumer
2923,Nord,Consumer
2924,Centro,Consumer
2925,Isole,Consumer
2926,Nord,Business
2927,Isole,Business
2928,Nord,Consumer
2929,Isole,Business
2930,Nord,VIP
2931,Sud,Business
2932,Sud,Business
2933,Nord,VIP
2934,Nord,VIP
2935,Centro,Business
2936,Isole,VIP
2937,Isole,Business
2938,Sud,VIP
2939,Centro,VIP
2940,Centro,Consumer
2941,Isole,Consumer
2942,Nord,Consumer
2943,Isole,Business
2944,Centro,VIP
2945,Isole,Business
2946,Nord,Consumer
2947,Sud,VIP
2948,Isole,VIP
2949,Isole,Consumer
2950,Nord,Consumer
2951,Isole,VIP
2952,Isole,Consumer
2953,Centro,Consumer
2954,Centro,Business
2955,Centro,Consumer
2956,Nord,VIP
2957,Isole,VIP
2958,Isole,Business
2959,Isole,Business
2960,Centro,Consumer
2961,Sud,VIP
2962,Centro,Consumer
2963,Isole,Business
2964,Isole,Consumer
2965,Isole,Business
2966,Nord,Business
2967,Isole,Consumer
2968,Isole,VIP
2969,Nord,Business
2970,Sud,Business
2971,Nord,Consumer
2972,Centro,Consumer
2973,Centro,Consumer
2974,Isole,Business
2975,Nord,VIP
2976,Sud,Consumer
2977,Isole,Consumer
2978,Centro,Business
2979,Sud,Consumer
2980,Isole,Consumer
2981,Sud,Consumer
2982,Nord,Business
2983,Centro,VIP
2984,Centro,Business
2985,Sud,Business
2986,Centro,VIP
2987,Centro,Business
2988,Centro,VIP
2989,Isole,Business
2990,Nord,Consumer
2991,Centro,VIP
2992,Nord,Business
2993,Isole,Consumer
2994,Centro,VIP
2995,Centro,VIP
2996,Centro,VIP
2997,Sud,VIP
2998,Centro,VIP
2999,Sud,Consumer
3000,Sud,Business
3001,Isole,Consumer
3002,Sud,Consumer
3003,Sud,Consumer
3004,Nord,VIP
3005,Sud,Consumer
3006,Nord,Business
3007,Sud,VIP
3008,Isole,Consumer
3009,Nord,Consumer
3010,Centro,Consumer
3011,Nord,Consumer
3012,Centro,Business
3013,Nord,Consumer
3014,Isole,Business
3015,Isole,Consumer
3016,Isole,VIP
3017,Isole,Business
3018,Sud,Business
3019,Centro,VIP
3020,Isole,VIP
3021,Sud,Business
3022,Isole,Consumer
3023,Sud,Business
3024,Nord,Business
3025,Sud,Business
3026,Isole,Business
3027,Sud,VIP
3028,Isole,Business
3029,Sud,Consumer
3030,Nord,Consumer
3031,Centro,Business
3032,Sud,Consumer
3033,Nord,VIP
3034,Isole,VIP
3035,Nord,VIP
3036,Nord,VIP
3037,Sud,VIP
3038,Isole,Business
3039,Sud,VIP
3040,Isole,Consumer
3041,Nord,Business
3042,Sud,Business
3043,Nord,Consumer
3044,Isole,Consumer
3045,Isole,VIP
3046,Centro,Consumer
3047,Sud,VIP
3048,Nord,Consumer
3049,Centro,Business
3050,Isole,Consumer
3051,Centro,Business
3052,Nord,VIP
3053,Nord,Business
3054,Nord,VIP
3055,Nord,Business
3056,Nord,Consumer
3057,Isole,Consumer
3058,Isole,VIP
3059,Sud,Business
3060,Centro,VIP
3061,Centro,Business
3062,Sud,Business
3063,Nord,VIP
3064,Sud,Business
3065,Centro,Consumer
3066,Isole,VIP
3067,Sud,Consumer
3068,Nord,Business
3069,Centro,Consumer
3070,Isole,Business
3071,Centro,Business
3072,Centro,VIP
3073,Sud,Consumer
3074,Nord,VIP
3075,Isole,VIP
3076,Isole,Business
3077,Centro,Business
3078,Sud,Business
3079,Isole,Business
3080,Sud,VIP
3081,Sud,Business
3082,Nord,Business
3083,Centro,Consumer
3084,Nord,Business
3085,Nord,VIP
3086,Isole,VIP
3087,Isole,Consumer
3088,Sud,VIP
3089,Isole,Business
3090,Nord,VIP
3091,Sud,Business
3092,Sud,VIP
3093,Centro,VIP
3094,Sud,Consumer
3095,Isole,VIP
3096,Centro,Business
3097,Nord,Business
3098,Sud,Business
3099,Nord,VIP
3100,Sud,Consumer
3101,Nord,Business
3102,Isole,Business
3103,Centro,Business
3104,Sud,Consumer
3105,Sud,VIP
3106,Isole,Business
3107,Nord,VIP
3108,Centro,Business
3109,Nord,VIP
3110,Centro,Consumer
3111,Sud,Business
3112,Centro,VIP
3113,Centro,Business
3114,Nord,Consumer
3115,Centro,Business
3116,Sud,Business
3117,Isole,Business
3118,Isole,VIP
3119,Nord,Business
3120,Sud,Consumer
3121,Centro,Business
3122,Nord,VIP
3123,Isole,Business
3124,Nord,Consumer
3125,Isole,VIP
3126,Isole,Consumer
3127,Centro,Consumer
3128,Sud,VIP
3129,Isole,Business
3130,Sud,Business
3131,Isole,Consumer
3132,Centro,Business
3133,Nord,Consumer
3134,Sud,VIP
3135,Centro,VIP
3136,Centro,Business
3137,Nord,Business
3138,Nord,Business
3139,Isole,VIP
3140,Centro,Business
3141,Isole,Consumer
3142,Sud,Consumer
3143,Centro,VIP
3144,Isole,Consumer
3145,Centro,Business
3146,Isole,VIP
3147,Sud,Consumer
3148,Nord,VIP
3149,Isole,Consumer
3150,Nord,Business
3151,Centro,Consumer
3152,Nord,Consumer
3153,Isole,Business
3154,Nord,Consumer
3155,Centro,Consumer
3156,Nord,Business
3157,Sud,VIP
3158,Isole,Consumer
3159,Centro,VIP
3160,Nord,Business
3161,Isole,VIP
3162,Sud,VIP
3163,Nord,Business
3164,Sud,VIP
3165,Sud,Consumer
3166,Centro,Consumer
3167,Centro,VIP
3168,Nord,VIP
3169,Centro,VIP
3170,Isole,VIP
3171,Sud,VIP
3172,Nord,VIP
3173,Centro,Business
3174,Isole,Consumer
3175,Sud,Consumer
3176,Isole,VIP
3177,Isole,Business
3178,Centro,VIP
3179,Isole,VIP
3180,Isole,Business
3181,Nord,Consumer
3182,Centro,VIP
3183,Isole,Consumer
3184,Nord,Business
3185,Nord,VIP
3186,Nord,Business
3187,Isole,Consumer
3188,Nord,VIP
3189,Nord,VIP
3190,Isole,Business
3191,Nord,VIP
3192,Nord,VIP
3193,Centro,Consumer
3194,Nord,Consumer
3195,Centro,Consumer
3196,Nord,VIP
3197,Nord,Business
3198,Sud,Business
3199,Centro,Business
3200,Isole,VIP
3201,Sud,Consumer
3202,Nord,VIP
3203,Isole,Consumer
3204,Isole,Consumer
3205,Isole,VIP
3206,Sud,VIP
3207,Nord,Business
3208,Centro,VIP
3209,Centro,VIP
3210,Centro,VIP
3211,Sud,Consumer
3212,Centro,Consumer
3213,Isole,Consumer
3214,Nord,Business
3215,Sud,VIP
3216,Nord,VIP
3217,Sud,VIP
3218,Sud,VIP
3219,Sud,Consumer
3220,Centro,Consumer
3221,Nord,Consumer
3222,Nord,Consumer
3223,Isole,Consumer
3224,Nord,VIP
3225,Nord,Business
3226,Nord,VIP
3227,Isole,Consumer
3228,Sud,VIP
3229,Isole,Consumer
3230,Centro,Consumer
3231,Centro,Business
3232,Nord,Business
3233,Isole,Business
3234,Sud,VIP
3235,Sud,Consumer
3236,Centro,Consumer
3237,Nord,Consumer
3238,Centro,Consumer
3239,Centro,Business
3240,Centro,Consumer
3241,Nord,Business
3242,Sud,VIP
3243,Sud,Business
3244,Centro,VIP
3245,Nord,Business
3246,Nord,Business
3247,Nord,Business
3248,Nord,Business
3249,Sud,VIP
3250,Nord,Consumer
3251,Nord,VIP
3252,Sud,VIP
3253,Nord,VIP
3254,Centro,Consumer
3255,Centro,Business
3256,Isole,VIP
3257,Nord,Business
3258,Isole,VIP
3259,Isole,Business
3260,Isole,Consumer
3261,Nord,VIP
3262,Sud,Consumer
3263,Isole,Business
3264,Isole,Business
3265,Sud,VIP
3266,Sud,Consumer
3267,Isole,Business
3268,Nord,Consumer
3269,Sud,Business
3270,Sud,Business
3271,Isole,Business
3272,Centro,VIP
3273,Sud,Business
3274,Centro,Consumer
3275,Isole,Business
3276,Sud,VIP
3277,Sud,VIP
3278,Isole,Business
3279,Sud,VIP
3280,Centro,Consumer
3281,Sud,Business
3282,Nord,Consumer
3283,Nord,Consumer
3284,Sud,VIP
3285,Sud,VIP
3286,Sud,Consumer
3287,Nord,Business
3288,Centro,VIP
3289,Sud,VIP
3290,Isole,Business
3291,Isole,Business
3292,Centro,VIP
3293,Nord,Consumer
3294,Centro,VIP
3295,Centro,Consumer
3296,Sud,VIP
3297,Sud,VIP
3298,Nord,Consumer
3299,Isole,VIP
3300,Sud,Consumer
3301,Isole,Consumer
3302,Nord,Business
3303,Nord,Business
3304,Centro,Consumer
3305,Isole,Business
3306,Isole,Business
3307,Centro,Consumer
3308,Centro,VIP
3309,Nord,Consumer
3310,Sud,Consumer
3311,Nord,Consumer
3312,Sud,Consumer
3313,Centro,VIP
3314,Isole,Consumer
3315,Sud,Business
3316,Sud,VIP
3317,Nord,Consumer
3318,Centro,VIP
3319,Sud,Consumer
3320,Centro,Consumer
3321,Isole,Business
3322,Centro,VIP
3323,Centro,Consumer
3324,Nord,Business
3325,Sud,VIP
3326,Centro,Consumer
3327,Centro,VIP
3328,Centro,Business
3329,Centro,VIP
3330,Isole,Business
3331,Nord,Business
3332,Nord,VIP
3333,Nord,VIP
3334,Nord,Consumer
3335,Sud,Business
3336,Isole,Consumer
3337,Isole,Consumer
3338,Nord,VIP
3339,Nord,Consumer
3340,Nord,VIP
3341,Centro,Consumer
3342,Centro,VIP
3343,Centro,Business
3344,Centro,VIP
3345,Centro,Consumer
3346,Isole,Business
3347,Centro,VIP
3348,Sud,VIP
3349,Isole,VIP
3350,Centro,Business
3351,Centro,VIP
3352,Sud,VIP
3353,Nord,VIP
3354,Isole,VIP
3355,Nord,VIP
3356,Isole,Consumer
3357,Nord,Consumer
3358,Isole,Business
3359,Isole,Consumer
3360,Nord,VIP
3361,Centro,VIP
3362,Centro,Business
3363,Nord,VIP
3364,Isole,VIP
3365,Sud,Consumer
3366,Sud,Consumer
3367,Centro,Consumer
3368,Nord,VIP
3369,Sud,Consumer
3370,Sud,VIP
3371,Nord,VIP
3372,Sud,Business
3373,Centro,Consumer
3374,Isole,Business
3375,Isole,Business
3376,Centro,VIP
3377,Nord,Consumer
3378,Sud,VIP
3379,Isole,Consumer
3380,Centro,VIP
3381,Centro,VIP
3382,Centro,Business
3383,Isole,Consumer
3384,Isole,Business
3385,Isole,Business
3386,Nord,Business
3387,Nord,VIP
3388,Nord,Business
3389,Nord,Consumer
3390,Nord,VIP
3391,Isole,Business
3392,Isole,VIP
3393,Isole,Business
3394,Sud,VIP
3395,Centro,VIP
3396,Sud,Business
3397,Isole,Consumer
3398,Nord,Consumer
3399,Centro,Consumer
3400,Nord,Consumer
3401,Centro,Business
3402,Sud,Consumer
3403,Isole,Business
3404,Isole,VIP
3405,Isole,VIP
3406,Isole,VIP
3407,Centro,Consumer
3408,Centro,Business
3409,Nord,VIP
3410,Sud,Consumer
3411,Sud,Consumer
3412,Sud,Business
3413,Sud,VIP
3414,Isole,VIP
3415,Centro,Business
3416,Isole,Consumer
3417,Isole,Consumer
3418,Centro,Business
3419,Nord,Consumer
3420,Isole,Business
3421,Centro,VIP
3422,Sud,Consumer
3423,Sud,Business
3424,Centro,Consumer
3425,Isole,Business
3426,Sud,Consumer
3427,Nord,Business
3428,Centro,VIP
3429,Isole,Business
3430,Sud,Business
3431,Centro,Business
3432,Centro,Business
3433,Isole,Consumer
3434,Sud,VIP
3435,Isole,VIP
3436,Isole,Consumer
3437,Sud,VIP
3438,Sud,Business
3439,Sud,VIP
3440,Sud,Consumer
3441,Isole,Business
3442,Sud,Consumer
3443,Centro,VIP
3444,Isole,Consumer
3445,Sud,Consumer
3446,Nord,Consumer
3447,Centro,VIP
3448,Nord,VIP
3449,Isole,Consumer
3450,Isole,VIP
3451,Nord,VIP
3452,Isole,VIP
3453,Centro,Business
3454,Sud,VIP
3455,Sud,VIP
3456,Centro,VIP
3457,Centro,VIP
3458,Nord,Business
3459,Sud,Consumer
3460,Centro,Consumer
3461,Sud,Business
3462,Nord,Business
3463,Isole,Business
3464,Nord,VIP
3465,Nord,Consumer
3466,Nord,Business
3467,Sud,Business
3468,Nord,Consumer
3469,Centro,Consumer
3470,Isole,VIP
3471,Isole,Business
3472,Sud,Consumer
3473,Isole,VIP
3474,Nord,VIP
3475,Isole,Business
3476,Sud,VIP
3477,Centro,Consumer
3478,Sud,VIP
3479,Isole,Consumer
3480,Nord,Consumer
3481,Isole,Business
3482,Nord,Consumer
3483,Sud,VIP
3484,Isole,Consumer
3485,Isole,Consumer
3486,Isole,Consumer
3487,Centro,Consumer
3488,Isole,VIP
3489,Centro,VIP
3490,Nord,Consumer
3491,Centro,Consumer
3492,Centro,VIP
3493,Nord,VIP
3494,Sud,Consumer
3495,Sud,Consumer
3496,Sud,Consumer
3497,Nord,Consumer
3498,Isole,VIP
3499,Sud,Business
3500,Nord,Business
3501,Isole,VIP
3502,Isole,Business
3503,Centro,VIP
3504,Centro,Business
3505,Nord,VIP
3506,Sud,Business
3507,Centro,Consumer
3508,Nord,Business
3509,Isole,VIP
3510,Nord,VIP
3511,Isole,Business
3512,Isole,Business
3513,Nord,Consumer
3514,Nord,VIP
3515,Centro,VIP
3516,Nord,Business
3517,Nord,Consumer
3518,Isole,Business
3519,Centro,VIP
3520,Isole,VIP
3521,Sud,VIP
3522,Isole,Business
3523,Centro,VIP
3524,Nord,VIP
3525,Centro,Consumer
3526,Centro,Consumer
3527,Centro,Consumer
3528,Sud,Business
3529,Centro,VIP
3530,Centro,Business
3531,Isole,Consumer
3532,Sud,Consumer
3533,Isole,VIP
3534,Sud,Business
3535,Sud,Consumer
3536,Centro,Business
3537,Isole,Consumer
3538,Isole,VIP
3539,Centro,Consumer
3540,Nord,Business
3541,Centro,Consumer
3542,Isole,Consumer
3543,Centro,Business
3544,Nord,Business
3545,Nord,VIP
3546,Isole,VIP
3547,Sud,Business
3548,Centro,Business
3549,Nord,Consumer
3550,Isole,Consumer
3551,Sud,Consumer
3552,Nord,VIP
3553,Sud,Consumer
3554,Centro,Business
3555,Sud,VIP
3556,Isole,Consumer
3557,Centro,VIP
3558,Isole,Consumer
3559,Sud,Consumer
3560,Sud,VIP
3561,Sud,Consumer
3562,Centro,Business
3563,Isole,VIP
3564,Nord,Business
3565,Sud,Business
3566,Centro,VIP
3567,Centro,Consumer
3568,Nord,Consumer
3569,Isole,Consumer
3570,Centro,Consumer
3571,Centro,Business
3572,Centro,Business
3573,Centro,Business
3574,Sud,VIP
3575,Isole,Business
3576,Centro,Consumer
3577,Isole,Business
3578,Centro,VIP
3579,Centro,Business
3580,Sud,Business
3581,Nord,Business
3582,Sud,Business
3583,Sud,Business
3584,Sud,VIP
3585,Sud,VIP
3586,Sud,VIP
3587,Nord,Consumer
3588,Sud,Consumer
3589,Isole,Business
3590,Isole,Consumer
3591,Isole,VIP
3592,Nord,VIP
3593,Isole,Business
3594,Centro,VIP
3595,Sud,VIP
3596,Centro,VIP
3597,Nord,Consumer
3598,Centro,VIP
3599,Centro,Business
3600,Centro,VIP
3601,Sud,Business
3602,Isole,Consumer
3603,Centro,Business
3604,Nord,Business
3605,Nord,Consumer
3606,Sud,Consumer
3607,Isole,Consumer
3608,Isole,Consumer
3609,Nord,Business
3610,Isole,VIP
3611,Centro,VIP
3612,Nord,Consumer
3613,Centro,Business
3614,Nord,Consumer
3615,Centro,Business
3616,Centro,Business
3617,Nord,Consumer
3618,Isole,VIP
3619,Nord,VIP
3620,Isole,Consumer
3621,Sud,VIP
3622,Sud,Consumer
3623,Nord,Business
3624,Isole,VIP
3625,Nord,VIP
3626,Centro,Business
3627,Nord,Consumer
3628,Sud,Consumer
3629,Nord,Consumer
3630,Isole,VIP
3631,Isole,Consumer
3632,Centro,Consumer
3633,Nord,Consumer
3634,Isole,Business
3635,Nord,Business
3636,Nord,Business
3637,Sud,VIP
3638,Sud,Business
3639,Centro,VIP
3640,Sud,Business
3641,Centro,VIP
3642,Centro,VIP
3643,Sud,VIP
3644,Centro,VIP
3645,Centro,VIP
3646,Centro,Consumer
3647,Nord,Consumer
3648,Nord,Consumer
3649,Isole,Business
3650,Centro,VIP
3651,Sud,VIP
3652,Centro,Consumer
3653,Centro,Business
3654,Nord,Consumer
3655,Sud,Consumer
3656,Nord,Consumer
3657,Nord,Business
3658,Nord,Business
3659,Sud,VIP
3660,Centro,VIP
3661,Sud,Business
3662,Sud,VIP
3663,Sud,VIP
3664,Nord,Consumer
3665,Nord,Business
3666,Centro,Consumer
3667,Nord,VIP
3668,Isole,VIP
3669,Nord,Business
3670,Isole,VIP
3671,Centro,Consumer
3672,Centro,VIP
3673,Centro,Consumer
3674,Nord,VIP
3675,Nord,VIP
3676,Nord,VIP
3677,Centro,Consumer
3678,Sud,VIP
3679,Isole,Business
3680,Sud,Business
3681,Centro,Consumer
3682,Nord,Consumer
3683,Sud,Business
3684,Isole,Business
3685,Centro,Consumer
3686,Centro,VIP
3687,Sud,VIP
3688,Centro,Consumer
3689,Sud,VIP
3690,Sud,Consumer
3691,Sud,VIP
3692,Isole,Consumer
3693,Nord,VIP
3694,Nord,Business
3695,Nord,VIP
3696,Isole,Business
3697,Centro,VIP
3698,Centro,Consumer
3699,Centro,VIP
3700,Centro,Business
3701,Centro,Consumer
3702,Sud,Business
3703,Isole,Consumer
3704,Nord,Consumer
3705,Centro,Consumer
3706,Isole,VIP
3707,Nord,Business
3708,Isole,VIP
3709,Isole,Consumer
3710,Centro,Business
3711,Nord,VIP
3712,Centro,Consumer
3713,Centro,Business
3714,Sud,VIP
3715,Nord,Business
3716,Centro,Consumer
3717,Sud,Business
3718,Sud,Consumer
3719,Centro,Consumer
3720,Isole,Consumer
3721,Isole,Consumer
3722,Isole,Consumer
3723,Isole,Consumer
3724,Sud,VIP
3725,Isole,Consumer
3726,Sud,Business
3727,Centro,Business
3728,Sud,Business
3729,Centro,Consumer
3730,Nord,Business
3731,Isole,Consumer
3732,Isole,Business
3733,Centro,Consumer
3734,Isole,Consumer
3735,Nord,Business
3736,Nord,Consumer
3737,Centro,Consumer
3738,Sud,Consumer
3739,Isole,Business
3740,Nord,VIP
3741,Isole,Business
3742,Isole,Business
3743,Nord,Business
3744,Isole,VIP
3745,Centro,VIP
3746,Sud,VIP
3747,Sud,VIP
3748,Centro,VIP
3749,Isole,VIP
3750,Nord,Business
3751,Sud,Business
3752,Isole,Consumer
3753,Sud,Consumer
3754,Sud,Consumer
3755,Sud,Consumer
3756,Centro,Business
3757,Sud,VIP
3758,Isole,Business
3759,Isole,VIP
3760,Sud,Consumer
3761,Sud,VIP
3762,Nord,VIP
3763,Centro,Consumer
3764,Isole,Business
3765,Nord,Consumer
3766,Centro,Business
3767,Sud,VIP
3768,Sud,Consumer
3769,Sud,Consumer
3770,Isole,Business
3771,Centro,Consumer
3772,Nord,Consumer
3773,Isole,Business
3774,Nord,Consumer
3775,Sud,Consumer
3776,Centro,Consumer
3777,Sud,VIP
3778,Nord,VIP
3779,Sud,Consumer
3780,Sud,Business
3781,Centro,Consumer
3782,Nord,Business
3783,Centro,Consumer
3784,Centro,VIP
3785,Nord,Consumer
3786,Sud,Business
3787,Centro,VIP
3788,Sud,Consumer
3789,Centro,Consumer
3790,Nord,Consumer
3791,Sud,Consumer
3792,Isole,VIP
3793,Isole,Consumer
3794,Sud,Business
3795,Isole,Consumer
3796,Isole,Business
3797,Sud,Consumer
3798,Centro,Consumer
3799,Sud,VIP
3800,Isole,Business
3801,Nord,VIP
3802,Nord,VIP
3803,Sud,VIP
3804,Isole,VIP
3805,Sud,Business
3806,Centro,VIP
3807,Isole,VIP
3808,Centro,Consumer
3809,Isole,Business
3810,Sud,Consumer
3811,Nord,VIP
3812,Centro,Consumer
3813,Sud,VIP
3814,Nord,Consumer
3815,Centro,Consumer
3816,Centro,Business
3817,Sud,Business
3818,Sud,Consumer
3819,Sud,Business
3820,Sud,Business
3821,Isole,VIP
3822,Centro,VIP
3823,Isole,VIP
3824,Centro,Business
3825,Sud,Business
3826,Centro,VIP
3827,Sud,VIP
3828,Centro,VIP
3829,Sud,Consumer
3830,Centro,Business
3831,Nord,Consumer
3832,Centro,Business
3833,Sud,Consumer
3834,Nord,Business
3835,Centro,Consumer
3836,Isole,Consumer
3837,Centro,Consumer
3838,Isole,Business
3839,Nord,Business
3840,Centro,VIP
3841,Centro,VIP
3842,Isole,Business
3843,Nord,VIP
3844,Isole,Consumer
3845,Isole,VIP
3846,Nord,VIP
3847,Centro,Consumer
3848,Sud,Business
3849,Centro,Consumer
3850,Centro,VIP
3851,Sud,VIP
3852,Nord,Consumer
3853,Centro,VIP
3854,Sud,VIP
3855,Centro,VIP
3856,Nord,Business
3857,Nord,VIP
3858,Sud,VIP
3859,Isole,Consumer
3860,Sud,Business
3861,Sud,VIP
3862,Nord,Business
3863,Nord,Consumer
3864,Centro,Business
3865,Nord,Consumer
3866,Centro,Consumer
3867,Isole,Consumer
3868,Sud,Business
3869,Centro,VIP
3870,Nord,Business
3871,Nord,Consumer
3872,Isole,Consumer
3873,Nord,Business
3874,Isole,VIP
3875,Sud,VIP
3876,Nord,VIP
3877,Sud,VIP
3878,Centro,Consumer
3879,Nord,Consumer
3880,Nord,Consumer
3881,Nord,Business
3882,Nord,Business
3883,Centro,VIP
3884,Centro,Business
3885,Nord,VIP
3886,Nord,VIP
3887,Isole,VIP
3888,Nord,VIP
3889,Centro,Consumer
3890,Centro,Business
3891,Nord,Business
3892,Centro,Business
3893,Sud,VIP
3894,Isole,VIP
3895,Isole,VIP
3896,Centro,Business
3897,Sud,Consumer
3898,Centro,VIP
3899,Sud,Consumer
3900,Nord,Business
3901,Isole,Consumer
3902,Nord,VIP
3903,Centro,VIP
3904,Isole,Business
3905,Sud,VIP
3906,Centro,Consumer
3907,Sud,Business
3908,Nord,VIP
3909,Sud,VIP
3910,Nord,VIP
3911,Sud,Business
3912,Sud,Business
3913,Nord,VIP
3914,Centro,VIP
3915,Centro,Consumer
3916,Centro,Business
3917,Isole,Consumer
3918,Isole,VIP
3919,Centro,VIP
3920,Nord,Consumer
3921,Isole,Business
3922,Isole,Business
3923,Nord,VIP
3924,Centro,Business
3925,Centro,Business
3926,Isole,Consumer
3927,Sud,VIP
3928,Nord,Consumer
3929,Centro,Business
3930,Sud,Consumer
3931,Nord,VIP
3932,Isole,Consumer
3933,Sud,Consumer
3934,Sud,Business
3935,Nord,Consumer
3936,Isole,Consumer
3937,Sud,Consumer
3938,Sud,Business
3939,Sud,VIP
3940,Isole,VIP
3941,Centro,VIP
3942,Centro,VIP
3943,Isole,Business
3944,Sud,Consumer
3945,Centro,VIP
3946,Isole,Business
3947,Centro,VIP
3948,Centro,Business
3949,Centro,VIP
3950,Nord,VIP
3951,Sud,Business
3952,Isole,VIP
3953,Sud,VIP
3954,Centro,Consumer
3955,Centro,Consumer
3956,Nord,VIP
3957,Isole,Consumer
3958,Nord,Consumer
3959,Centro,Consumer
3960,Nord,Business
3961,Isole,Consumer
3962,Isole,Consumer
3963,Nord,Business
3964,Centro,VIP
3965,Isole,Consumer
3966,Isole,Consumer
3967,Isole,VIP
3968,Isole,VIP
3969,Nord,Consumer
3970,Sud,Business
3971,Nord,Consumer
3972,Nord,Consumer
3973,Sud,Consumer
3974,Nord,VIP
3975,Isole,Business
3976,Isole,Consumer
3977,Centro,VIP
3978,Nord,Business
3979,Centro,VIP
3980,Sud,Business
3981,Isole,Business
3982,Centro,Consumer
3983,Isole,VIP
3984,Isole,VIP
3985,Sud,Business
3986,Isole,Business
3987,Nord,Business
3988,Nord,VIP
3989,Sud,Business
3990,Centro,VIP
3991,Nord,VIP
3992,Centro,VIP
3993,Isole,Business
3994,Isole,Business
3995,Nord,VIP
3996,Isole,Consumer
3997,Isole,Consumer
3998,Isole,Consumer
3999,Nord,Consumer
4000,Sud,Business
4001,Sud,Business
4002,Centro,Business
4003,Sud,Consumer
4004,Sud,VIP
4005,Sud,Consumer
4006,Nord,Business
4007,Isole,Business
4008,Centro,Business
4009,Nord,VIP
4010,Sud,Business
4011,Sud,Consumer
4012,Centro,Business
4013,Isole,Consumer
4014,Sud,Business
4015,Nord,Consumer
4016,Isole,VIP
4017,Nord,Consumer
4018,Nord,VIP
4019,Isole,Business
4020,Centro,Consumer
4021,Isole,Consumer
4022,Sud,Consumer
4023,Centro,Consumer
4024,Nord,Consumer
4025,Nord,VIP
4026,Sud,VIP
4027,Centro,Business
4028,Nord,Consumer
4029,Nord,VIP
4030,Nord,Business
4031,Centro,Consumer
4032,Nord,Consumer
4033,Isole,Business
4034,Isole,Consumer
4035,Sud,Consumer
4036,Sud,Business
4037,Isole,Consumer
4038,Centro,VIP
4039,Isole,VIP
4040,Isole,Business
4041,Sud,Business
4042,Sud,VIP
4043,Nord,VIP
4044,Isole,Consumer
4045,Centro,VIP
4046,Isole,Business
4047,Nord,Consumer
4048,Isole,Consumer
4049,Nord,VIP
4050,Isole,Consumer
4051,Centro,VIP
4052,Nord,Business
4053,Sud,Consumer
4054,Isole,Consumer
4055,Centro,Business
4056,Nord,Consumer
4057,Isole,Consumer
4058,Centro,Consumer
4059,Sud,VIP
4060,Centro,Consumer
4061,Isole,VIP
4062,Nord,Business
4063,Sud,Business
4064,Nord,Consumer
4065,Sud,Business
4066,Sud,Consumer
4067,Sud,Consumer
4068,Isole,Consumer
4069,Sud,VIP
4070,Centro,VIP
4071,Nord,VIP
4072,Sud,VIP
4073,Centro,Consumer
4074,Isole,Consumer
4075,Isole,Consumer
4076,Nord,Business
4077,Nord,VIP
4078,Sud,Business
4079,Centro,VIP
4080,Isole,Business
4081,Nord,VIP
4082,Sud,Consumer
4083,Sud,Business
4084,Sud,VIP
4085,Isole,Consumer
4086,Sud,VIP
4087,Isole,VIP
4088,Centro,Consumer
4089,Centro,VIP
4090,Centro,Business
4091,Nord,VIP
4092,Isole,Business
4093,Nord,Business
4094,Isole,Consumer
4095,Nord,Business
4096,Isole,VIP
4097,Centro,Consumer
4098,Sud,Consumer
4099,Centro,VIP
4100,Sud,Business
4101,Isole,Consumer
4102,Nord,Consumer
4103,Sud,Business
4104,Sud,Consumer
4105,Isole,Consumer
4106,Nord,Business
4107,Sud,VIP
4108,Sud,Consumer
4109,Centro,Consumer
4110,Centro,Business
4111,Nord,VIP
4112,Sud,VIP
4113,Isole,VIP
4114,Nord,Business
4115,Sud,VIP
4116,Sud,Consumer
4117,Centro,Consumer
4118,Centro,Business
4119,Sud,Business
4120,Centro,Consumer
4121,Centro,Consumer
4122,Centro,VIP
4123,Sud,Business
4124,Centro,Consumer
4125,Centro,Consumer
4126,Centro,Business
4127,Nord,VIP
4128,Nord,Business
4129,Centro,Business
4130,Sud,VIP
4131,Isole,Business
4132,Centro,VIP
4133,Nord,Business
4134,Sud,VIP
4135,Centro,Consumer
4136,Isole,VIP
4137,Sud,Consumer
4138,Nord,Consumer
4139,Nord,Business
4140,Sud,Consumer
4141,Centro,VIP
4142,Isole,Business
4143,Isole,Business
4144,Nord,VIP
4145,Centro,Business
4146,Nord,Consumer
4147,Sud,VIP
4148,Nord,VIP
4149,Sud,Business
4150,Centro,Business
4151,Centro,VIP
4152,Nord,Business
4153,Isole,Business
4154,Centro,VIP
4155,Centro,VIP
4156,Nord,Business
4157,Isole,VIP
4158,Centro,Consumer
4159,Sud,Business
4160,Nord,Consumer
4161,Isole,Consumer
4162,Isole,Business
4163,Sud,Business
4164,Isole,VIP
4165,Isole,Consumer
4166,Sud,VIP
4167,Nord,Business
4168,Sud,Consumer
4169,Nord,Consumer
4170,Sud,Business
4171,Isole,Consumer
4172,Nord,Consumer
4173,Sud,Business
4174,Sud,Business
4175,Centro,Consumer
4176,Nord,VIP
4177,Sud,VIP
4178,Isole,Consumer
4179,Nord,Consumer
4180,Isole,Business
4181,Nord,VIP
4182,Isole,Consumer
4183,Sud,Consumer
4184,Nord,Business
4185,Nord,Business
4186,Isole,VIP
4187,Isole,VIP
4188,Sud,Consumer
4189,Nord,VIP
4190,Centro,VIP
4191,Sud,Business
4192,Centro,Business
4193,Centro,VIP
4194,Nord,Business
4195,Nord,Consumer
4196,Sud,Consumer
4197,Sud,Consumer
4198,Centro,Consumer
4199,Sud,VIP
4200,Isole,Business
4201,Sud,VIP
4202,Nord,Business
4203,Nord,Consumer
4204,Centro,Consumer
4205,Sud,Business
4206,Isole,VIP
4207,Centro,VIP
4208,Nord,VIP
4209,Sud,Consumer
4210,Isole,Consumer
4211,Centro,Business
4212,Nord,Consumer
4213,Isole,VIP
4214,Centro,Consumer
4215,Nord,Business
4216,Isole,VIP
4217,Isole,Business
4218,Isole,Business
4219,Nord,Consumer
4220,Centro,Consumer
4221,Centro,Consumer
4222,Sud,Consumer
4223,Nord,VIP
4224,Nord,Business
4225,Centro,VIP
4226,Centro,Consumer
4227,Centro,VIP
4228,Sud,Consumer
4229,Sud,Business
4230,Sud,Consumer
4231,Nord,Business
4232,Centro,Business
4233,Nord,Consumer
4234,Centro,Business
4235,Centro,VIP
4236,Centro,VIP
4237,Nord,Consumer
4238,Isole,Consumer
4239,Isole,Business
4240,Centro,Consumer
4241,Sud,Consumer
4242,Centro,Consumer
4243,Sud,VIP
4244,Sud,Business
4245,Isole,VIP
4246,Sud,VIP
4247,Nord,VIP
4248,Nord,Business
4249,Centro,Consumer
4250,Isole,Business
4251,Centro,Business
4252,Sud,Consumer
4253,Centro,VIP
4254,Sud,Consumer
4255,Sud,Business
4256,Nord,Consumer
4257,Centro,Business
4258,Nord,VIP
4259,Sud,VIP
4260,Centro,Business
4261,Nord,Consumer
4262,Isole,Consumer
4263,Sud,Consumer
4264,Centro,Business
4265,Sud,Consumer
4266,Isole,Consumer
4267,Nord,Consumer
4268,Centro,Business
4269,Centro,Consumer
4270,Nord,Business
4271,Nord,VIP
4272,Sud,Business
4273,Nord,Consumer
4274,Sud,Consumer
4275,Sud,VIP
4276,Isole,VIP
4277,Centro,VIP
4278,Sud,VIP
4279,Nord,VIP
4280,Centro,VIP
4281,Isole,Consumer
4282,Centro,Business
4283,Nord,VIP
4284,Nord,Consumer
4285,Nord,VIP
4286,Sud,Business
4287,Centro,VIP
4288,Isole,Consumer
4289,Nord,Consumer
4290,Isole,VIP
4291,Sud,VIP
4292,Sud,VIP
4293,Isole,Consumer
4294,Isole,Consumer
4295,Centro,Business
4296,Centro,Consumer
4297,Nord,Business
4298,Isole,VIP
4299,Nord,Consumer
4300,Sud,Business
4301,Nord,Consumer
4302,Nord,VIP
4303,Centro,Consumer
4304,Centro,Consumer
4305,Nord,VIP
4306,Isole,Consumer
4307,Centro,Business
4308,Centro,Consumer
4309,Centro,Business
4310,Centro,Business
4311,Centro,Consumer
4312,Nord,Consumer
4313,Sud,VIP
4314,Isole,Business
4315,Nord,Business
4316,Centro,Consumer
4317,Centro,Business
4318,Sud,Consumer
4319,Nord,Consumer
4320,Nord,Business
4321,Nord,Consumer
4322,Nord,Business
4323,Isole,Consumer
4324,Nord,Consumer
4325,Sud,VIP
4326,Sud,VIP
4327,Nord,VIP
4328,Sud,Consumer
4329,Nord,Consumer
4330,Centro,Consumer
4331,Sud,Business
4332,Centro,VIP
4333,Nord,Business
4334,Isole,Consumer
4335,Isole,Consumer
4336,Centro,Business
4337,Sud,Consumer
4338,Centro,VIP
4339,Isole,Consumer
4340,Isole,VIP
4341,Centro,VIP
4342,Nord,Business
4343,Centro,Business
4344,Isole,Business
4345,Isole,VIP
4346,Centro,VIP
4347,Sud,Business
4348,Nord,Consumer
4349,Sud,VIP
4350,Sud,Business
4351,Sud,Consumer
4352,Isole,Business
4353,Nord,Business
4354,Sud,VIP
4355,Isole,Business
4356,Nord,Business
4357,Centro,Consumer
4358,Isole,Business
4359,Isole,Consumer
4360,Isole,Consumer
4361,Isole,VIP
4362,Sud,Consumer
4363,Sud,Business
4364,Centro,Business
4365,Nord,Consumer
4366,Isole,Business
4367,Sud,Consumer
4368,Centro,Consumer
4369,Sud,VIP
4370,Sud,Consumer
4371,Centro,Consumer
4372,Sud,Business
4373,Nord,Business
4374,Nord,Business
4375,Isole,Consumer
4376,Isole,Business
4377,Sud,Consumer
4378,Isole,VIP
4379,Isole,Business
4380,Nord,VIP
4381,Sud,Consumer
4382,Centro,Consumer
4383,Nord,Consumer
4384,Sud,VIP
4385,Isole,VIP
4386,Isole,VIP
4387,Sud,VIP
4388,Sud,Consumer
4389,Isole,VIP
4390,Centro,Business
4391,Isole,VIP
4392,Sud,VIP
4393,Isole,Business
4394,Sud,Consumer
4395,Isole,Business
4396,Nord,VIP
4397,Isole,Consumer
4398,Sud,Business
4399,Sud,Consumer
4400,Isole,VIP
4401,Isole,Business
4402,Centro,Consumer
4403,Isole,Consumer
4404,Centro,VIP
4405,Nord,VIP
4406,Sud,Consumer
4407,Centro,VIP
4408,Centro,Business
4409,Isole,Business
4410,Sud,VIP
4411,Isole,Consumer
4412,Centro,VIP
4413,Centro,Consumer
4414,Nord,Consumer
4415,Nord,Business
4416,Nord,VIP
4417,Centro,Consumer
4418,Sud,VIP
4419,Sud,Consumer
4420,Centro,VIP
4421,Nord,VIP
4422,Sud,Business
4423,Centro,VIP
4424,Sud,Consumer
4425,Sud,VIP
4426,Isole,VIP
4427,Nord,Consumer
4428,Isole,Consumer
4429,Isole,VIP
4430,Nord,VIP
4431,Isole,VIP
4432,Isole,Consumer
4433,Nord,VIP
4434,Isole,Consumer
4435,Nord,Consumer
4436,Isole,Consumer
4437,Isole,Business
4438,Centro,Consumer
4439,Isole,Business
4440,Isole,Consumer
4441,Centro,VIP
4442,Isole,VIP
4443,Centro,Business
4444,Centro,Business
4445,Sud,Consumer
4446,Isole,Business
4447,Sud,Consumer
4448,Sud,VIP
4449,Nord,VIP
4450,Centro,Business
4451,Sud,Consumer
4452,Isole,Business
4453,Sud,Business
4454,Nord,Business
4455,Nord,Business
4456,Isole,Business
4457,Centro,VIP
4458,Centro,Consumer
4459,Sud,Consumer
4460,Isole,VIP
4461,Sud,Consumer
4462,Sud,Business
4463,Isole,Consumer
4464,Isole,VIP
4465,Sud,VIP
4466,Isole,VIP
4467,Isole,Business
4468,Sud,VIP
4469,Centro,Consumer
4470,Nord,Business
4471,Nord,Business
4472,Centro,VIP
4473,Sud,Consumer
4474,Centro,Business
4475,Sud,VIP
4476,Centro,Consumer
4477,Isole,VIP
4478,Centro,VIP
4479,Isole,Consumer
4480,Nord,Business
4481,Nord,Consumer
4482,Centro,VIP
4483,Nord,Business
4484,Centro,VIP
4485,Centro,Business
4486,Centro,VIP
4487,Sud,Business
4488,Centro,VIP
4489,Isole,VIP
4490,Sud,VIP
4491,Sud,Consumer
4492,Sud,Consumer
4493,Centro,VIP
4494,Sud,VIP
4495,Isole,VIP
4496,Centro,VIP
4497,Centro,Business
4498,Isole,Business
4499,Nord,VIP
4500,Centro,VIP
4501,Centro,VIP
4502,Sud,VIP
4503,Isole,Consumer
4504,Isole,VIP
4505,Centro,Consumer
4506,Centro,Business
4507,Sud,Business
4508,Isole,VIP
4509,Sud,Consumer
4510,Sud,Consumer
4511,Nord,Business
4512,Centro,Business
4513,Sud,Consumer
4514,Nord,Business
4515,Nord,Consumer
4516,Nord,VIP
4517,Sud,Consumer
4518,Sud,Consumer
4519,Isole,Consumer
4520,Isole,VIP
4521,Sud,Business
4522,Centro,Business
4523,Nord,VIP
4524,Centro,Consumer
4525,Isole,Business
4526,Nord,Business
4527,Isole,Consumer
4528,Nord,Business
4529,Nord,VIP
4530,Centro,Consumer
4531,Nord,VIP
4532,Nord,Business
4533,Sud,Consumer
4534,Centro,Consumer
4535,Isole,VIP
4536,Sud,Consumer
4537,Centro,Consumer
4538,Nord,VIP
4539,Sud,Business
4540,Isole,Business
4541,Centro,Consumer
4542,Centro,Business
4543,Nord,Business
4544,Nord,Business
4545,Sud,Consumer
4546,Nord,Consumer
4547,Isole,VIP
4548,Isole,VIP
4549,Nord,VIP
4550,Centro,Consumer
4551,Isole,VIP
4552,Nord,VIP
4553,Nord,VIP
4554,Isole,VIP
4555,Centro,Business
4556,Isole,Consumer
4557,Nord,Business
4558,Sud,VIP
4559,Sud,VIP
4560,Sud,Business
4561,Isole,VIP
4562,Isole,Business
4563,Isole,VIP
4564,Sud,VIP
4565,Sud,Consumer
4566,Nord,Consumer
4567,Isole,VIP
4568,Isole,Business
4569,Centro,Consumer
4570,Isole,Business
4571,Sud,Consumer
4572,Sud,Consumer
4573,Centro,Business
4574,Sud,Business
4575,Nord,Consumer
4576,Sud,Consumer
4577,Sud,Consumer
4578,Sud,Business
4579,Sud,Consumer
4580,Nord,VIP
4581,Nord,Consumer
4582,Centro,Consumer
4583,Nord,Consumer
4584,Centro,Consumer
4585,Sud,Business
4586,Isole,Consumer
4587,Centro,VIP
4588,Centro,Business
4589,Isole,VIP
4590,Nord,Consumer
4591,Isole,VIP
4592,Sud,VIP
4593,Isole,Business
4594,Isole,VIP
4595,Centro,VIP
4596,Isole,Business
4597,Centro,Consumer
4598,Sud,Consumer
4599,Isole,VIP
4600,Nord,Business
4601,Centro,Business
4602,Sud,VIP
4603,Isole,Business
4604,Centro,VIP
4605,Sud,Business
4606,Sud,Consumer
4607,Centro,Consumer
4608,Nord,Consumer
4609,Nord,Consumer
4610,Sud,Business
4611,Isole,Business
4612,Centro,Consumer
4613,Sud,VIP
4614,Isole,Consumer
4615,Centro,Consumer
4616,Nord,Business
4617,Isole,VIP
4618,Nord,VIP
4619,Isole,VIP
4620,Sud,VIP
4621,Isole,Business
4622,Nord,Business
4623,Nord,VIP
4624,Centro,Consumer
4625,Centro,Business
4626,Nord,Consumer
4627,Sud,VIP
4628,Isole,Business
4629,Nord,VIP
4630,Sud,Consumer
4631,Isole,Consumer
4632,Centro,Consumer
4633,Isole,Consumer
4634,Nord,VIP
4635,Centro,Consumer
4636,Isole,Business
4637,Centro,VIP
4638,Nord,Consumer
4639,Nord,Business
4640,Isole,Consumer
4641,Isole,Business
4642,Isole,VIP
4643,Centro,Business
4644,Sud,VIP
4645,Centro,Business
4646,Isole,VIP
4647,Isole,VIP
4648,Isole,VIP
4649,Isole,VIP
4650,Nord,VIP
4651,Isole,VIP
4652,Nord,VIP
4653,Sud,Consumer
4654,Isole,Consumer
4655,Isole,Business
4656,Isole,Business
4657,Centro,Business
4658,Centro,Business
4659,Isole,VIP
4660,Sud,VIP
4661,Centro,Consumer
4662,Sud,Consumer
4663,Isole,Business
4664,Nord,Business
4665,Isole,VIP
4666,Sud,Consumer
4667,Nord,Consumer
4668,Centro,VIP
4669,Centro,Business
4670,Nord,Consumer
4671,Centro,Business
4672,Nord,VIP
4673,Sud,Business
4674,Isole,Consumer
4675,Isole,VIP
4676,Centro,VIP
4677,Nord,Consumer
4678,Sud,VIP
4679,Centro,VIP
4680,Centro,VIP
4681,Nord,VIP
4682,Nord,VIP
4683,Centro,VIP
4684,Isole,Consumer
4685,Isole,Business
4686,Sud,VIP
4687,Sud,Consumer
4688,Nord,Consumer
4689,Sud,VIP
4690,Sud,VIP
4691,Sud,Business
4692,Centro,Business
4693,Sud,Business
4694,Nord,VIP
4695,Centro,Business
4696,Isole,Business
4697,Centro,Business
4698,Sud,VIP
4699,Centro,Business
4700,Centro,Consumer
4701,Isole,VIP
4702,Centro,Business
4703,Isole,Consumer
4704,Nord,Consumer
4705,Isole,Consumer
4706,Isole,VIP
4707,Nord,Business
4708,Nord,Consumer
4709,Sud,VIP
4710,Sud,Consumer
4711,Centro,Consumer
4712,Isole,VIP
4713,Isole,Consumer
4714,Isole,Business
4715,Sud,VIP
4716,Centro,Business
4717,Nord,Consumer
4718,Centro,Consumer
4719,Nord,Consumer
4720,Isole,Consumer
4721,Isole,Business
4722,Nord,Business
4723,Centro,Business
4724,Sud,Consumer
4725,Sud,Consumer
4726,Sud,VIP
4727,Isole,Business
4728,Sud,Business
4729,Centro,Consumer
4730,Sud,Consumer
4731,Centro,Business
4732,Isole,VIP
4733,Centro,Business
4734,Nord,Consumer
4735,Isole,Business
4736,Centro,Consumer
4737,Centro,Business
4738,Isole,Consumer
4739,Isole,Consumer
4740,Isole,Business
4741,Centro,VIP
4742,Sud,Consumer
4743,Isole,Business
4744,Sud,Business
4745,Sud,Business
4746,Nord,Business
4747,Isole,VIP
4748,Centro,VIP
4749,Nord,VIP
4750,Isole,Consumer
4751,Sud,VIP
4752,Isole,Business
4753,Sud,Business
4754,Sud,Consumer
4755,Isole,VIP
4756,Isole,Consumer
4757,Nord,Consumer
4758,Centro,Business
4759,Nord,Business
4760,Isole,VIP
4761,Centro,VIP
4762,Nord,Business
4763,Centro,VIP
4764,Centro,Consumer
4765,Isole,VIP
4766,Sud,Business
4767,Sud,VIP
4768,Sud,Consumer
4769,Centro,Business
4770,Nord,Business
4771,Sud,Consumer
4772,Centro,VIP
4773,Sud,Consumer
4774,Isole,Consumer
4775,Sud,Consumer
4776,Sud,VIP
4777,Isole,Consumer
4778,Nord,Consumer
4779,Nord,Business
4780,Isole,Business
4781,Sud,Business
4782,Isole,Business
4783,Centro,Consumer
4784,Centro,VIP
4785,Sud,Consumer
4786,Nord,Business
4787,Nord,VIP
4788,Centro,Business
4789,Nord,Business
4790,Sud,VIP
4791,Nord,Business
4792,Isole,Business
4793,Nord,VIP
4794,Sud,Consumer
4795,Centro,Business
4796,Centro,VIP
4797,Centro,Consumer
4798,Nord,Business
4799,Isole,Business
4800,Centro,VIP
4801,Sud,Business
4802,Nord,Consumer
4803,Sud,Business
4804,Centro,Business
4805,Sud,Consumer
4806,Sud,Business
4807,Sud,Business
4808,Centro,VIP
4809,Nord,Business
4810,Nord,VIP
4811,Isole,VIP
4812,Nord,VIP
4813,Centro,Consumer
4814,Nord,Consumer
4815,Sud,VIP
4816,Sud,VIP
4817,Sud,Consumer
4818,Nord,Consumer
4819,Centro,Business
4820,Nord,Consumer
4821,Centro,VIP
4822,Centro,VIP
4823,Centro,Consumer
4824,Centro,VIP
4825,Centro,Business
4826,Nord,VIP
4827,Centro,Consumer
4828,Nord,VIP
4829,Sud,Business
4830,Isole,Business
4831,Sud,Business
4832,Centro,VIP
4833,Sud,VIP
4834,Sud,Business
4835,Isole,Business
4836,Centro,Business
4837,Nord,Business
4838,Isole,VIP
4839,Sud,Consumer
4840,Isole,Consumer
4841,Sud,VIP
4842,Nord,Business
4843,Sud,VIP
4844,Centro,Business
4845,Sud,Business
4846,Isole,Consumer
4847,Sud,Business
4848,Isole,Business
4849,Sud,VIP
4850,Sud,VIP
4851,Centro,Business
4852,Isole,Consumer
4853,Nord,VIP
4854,Nord,VIP
4855,Isole,Business
4856,Centro,Consumer
4857,Sud,VIP
4858,Isole,Consumer
4859,Centro,Business
4860,Nord,VIP
4861,Isole,Consumer
4862,Isole,VIP
4863,Isole,VIP
4864,Centro,Business
4865,Isole,Business
4866,Centro,VIP
4867,Centro,Consumer
4868,Centro,Business
4869,Sud,Business
4870,Isole,VIP
4871,Centro,VIP
4872,Centro,VIP
4873,Isole,Consumer
4874,Nord,Consumer
4875,Isole,VIP
4876,Sud,VIP
4877,Isole,VIP
4878,Isole,VIP
4879,Nord,VIP
4880,Centro,Business
4881,Nord,Business
4882,Sud,Consumer
4883,Centro,Business
4884,Centro,VIP
4885,Nord,Consumer
4886,Centro,Consumer
4887,Isole,VIP
4888,Nord,Consumer
4889,Isole,VIP
4890,Centro,Consumer
4891,Centro,VIP
4892,Centro,VIP
4893,Centro,Business
4894,Isole,Consumer
4895,Isole,VIP
4896,Isole,Consumer
4897,Isole,Consumer
4898,Nord,VIP
4899,Sud,VIP
4900,Isole,Business
4901,Sud,Business
4902,Nord,Business
4903,Nord,VIP
4904,Centro,VIP
4905,Sud,Business
4906,Sud,Consumer
4907,Nord,VIP
4908,Sud,Consumer
4909,Centro,VIP
4910,Sud,VIP
4911,Nord,Consumer
4912,Centro,VIP
4913,Nord,Business
4914,Centro,Consumer
4915,Centro,Business
4916,Sud,Business
4917,Isole,Consumer
4918,Centro,VIP
4919,Centro,Business
4920,Nord,Consumer
4921,Sud,Consumer
4922,Isole,VIP
4923,Centro,Business
4924,Nord,Business
4925,Centro,VIP
4926,Nord,Consumer
4927,Centro,Consumer
4928,Nord,VIP
4929,Centro,VIP
4930,Sud,Consumer
4931,Sud,VIP
4932,Nord,Consumer
4933,Sud,VIP
4934,Nord,Business
4935,Nord,VIP
4936,Isole,Business
4937,Sud,Consumer
4938,Isole,Business
4939,Sud,VIP
4940,Centro,Business
4941,Isole,Consumer
4942,Nord,VIP
4943,Isole,Business
4944,Centro,Consumer
4945,Nord,VIP
4946,Centro,Business
4947,Centro,VIP
4948,Sud,Business
4949,Nord,Business
4950,Sud,Business
4951,Isole,Consumer
4952,Nord,VIP
4953,Sud,Consumer
4954,Centro,VIP
4955,Isole,Business
4956,Isole,VIP
4957,Centro,Consumer
4958,Centro,Business
4959,Sud,Consumer
4960,Sud,Business
4961,Isole,VIP
4962,Centro,VIP
4963,Sud,Business
4964,Sud,Business
4965,Nord,Business
4966,Nord,Consumer
4967,Centro,Consumer
4968,Sud,Business
4969,Nord,VIP
4970,Sud,VIP
4971,Centro,Consumer
4972,Sud,VIP
4973,Nord,Consumer
4974,Sud,VIP
4975,Centro,VIP
4976,Sud,Business
4977,Sud,Business
4978,Centro,Business
4979,Isole,Business
4980,Centro,VIP
4981,Isole,Business
4982,Sud,Consumer
4983,Sud,Consumer
4984,Sud,Business
4985,Isole,Business
4986,Isole,Consumer
4987,Nord,Business
4988,Sud,VIP
4989,Sud,VIP
4990,Nord,VIP
4991,Centro,Consumer
4992,Centro,VIP
4993,Isole,Consumer
4994,Nord,Consumer
4995,Centro,Business
4996,Sud,VIP
4997,Isole,VIP
4998,Sud,Consumer
4999,Isole,Business
5000,Centro,VIP
